序号,求人票ID,更新时间,职位名称,公司名,员工人数,在宅信息,工作内容,配属先情报,能力经验要求,选考流程
1394,j107579424,2026年01月09日,【データ活用/教育枠】佐川急便が抱えるビジネス課題をデータ分析の力で解決,ＳＧシステム株式会社,"2,634名",【魅力】リモートワーク基本 ★入社者のスムーズな定着を目,佐川急便が抱えるビジネス課題を、データ分析の力で解決に導くプロジェクトをお任せします！SQLやVBA等の経験を活かし、日本の物流インフラを支える巨大なデータを扱う専門家へと成長できる環境です。 【安心の環境】1テーマあたりPJは3名体制 (佐川急便側社員・当社システムプロマネ・★ポジション） ※入社当初は上記に先輩社員を1名アサインし業務をフォロー 【流れ】入社後1か月は、社内データ基盤やBIツール（Tableau・SQL等）、業務システムの使い方を中心に、OJTと座学で基礎を習得。2～3か月目以降は、小規模な分析テーマを一人で担当し、要件整理から分析・提案まで一連の流れを経験,グループDX推進1部 IT業務改革課 ※全体16名 ※現在30テーマ程が走っており、1テーマごと3名体制で推進(中途入社の場合：教育目的で4名体制),【必須】・SQLを用いたデータ抽出・加工の実務経験 ・Pythonを用いたデータ分析・機械学習の知識または実務経験 【当社の強み】佐川急便が持つ、他では決して触れることのできない巨大でリアルな物流データを扱えるのが最大の魅力です。 【魅力】リモートワーク基本 ★入社者のスムーズな定着を目的に、入社直後は出社をいただき先輩社員と都度交流・Teamsでも日常的に気軽な相談や雑談を実施・PJメンバーとは別にメンターを設置（中途も多く、教育実績多数） 【キャリア】ジェネラリストor技術スペシャリストを希望可能 その他の条件 学歴 高校 専修 短大 高専 大学 大学院,
1395,t107575547,2026年01月09日,【4/1入社限定】データアナリスト/基盤構築エンジニア/自由な働き方可能◎,ＡＭＢＬ株式会社,700名,煙（屋外喫煙可能場所あり） 勤務地備考 在宅勤務可※在宅勤務/リモートワークの利用に,多様な業界で、データ分析基盤の構築から顧客分析・需要予測・価格最適化・市場/売上分析・KPI可視化までビジネス課題やマーケティング戦略に応じたデータ活用を推進していただきます！ 大手クライアントやSIerとのプロジェクトにて、上流から下流まで伴走し、経営層やビジネス部門の意思決定を支援しています。 【安心】実務経験の浅い方は、入社後最大2ヵ月程座学研修にてデータ分析プロフェッショナルへの第一歩を踏み出していただきます。ご経験により研修期間は異なり、微経験スタートの社員も多く活躍しています。,イノベーション事業本部　データサイエンス事業部,【必須】■IT業界での就業経験　（目安：2年以上） 【いずれか必須(1年以上)】■システム開発　（Python、Java、React） ■データ抽出or分析経験■データ構築経験 【歓迎するご経験】■SQLによるデータ業務■Web・マーケ分析■データ準備・マート設計■データ分析・レポーティング(定量)■BigQuery・Amazon Redshiftなどを用いたビッグデータハンドリング業務■Power BIやTableauにおけるダッシュボード構築■DWH・データ基盤構築・データマート設計・開発■GCP/AWS/Microsoft Azure等クラウドサービス・各種DP導入・開発■DB・ネットワーク・権限管理の開発■業界のビジネス理解 その他の条件 学歴 高専 大学 大学院,
1396,h107575529,2026年01月09日,【3/1入社限定】データアナリスト/基盤構築エンジニア/自由な働き方可能◎,ＡＭＢＬ株式会社,700名,煙（屋外喫煙可能場所あり） 勤務地備考 在宅勤務可※在宅勤務/リモートワークの利用に,【概要】多様な業界で、データ分析基盤の構築から顧客分析・需要予測・価格最適化・市場/売上分析・KPI可視化までビジネス課題やマーケティング戦略に応じたデータ活用を推進していただきます！ 大手クライアントやSIerとのプロジェクトにて、上流から下流まで伴走し、経営層やビジネス部門の意思決定を支援しています。 【安心】実務経験の浅い方は、入社後最大2ヵ月程座学研修にてデータ分析プロフェッショナルへの第一歩を踏み出していただきます。ご経験により研修期間は異なり、微経験スタートの社員も多く活躍しています。,イノベーション事業本部　データサイエンス事業部,【必須】■IT業界での就業経験（目安：2年以上） 【いずれか必須(1年以上)】■システム開発（Python、Java、React） ■データ抽出or分析経験■データ構築経験 【歓迎するご経験】■SQLによるデータ業務■Web・マーケ分析■データ準備・マート設計■データ分析・レポーティング(定量)■BigQuery・Amazon Redshiftなどを用いたビッグデータハンドリング業務■Power BIやTableauにおけるダッシュボード構築■DWH・データ基盤構築・データマート設計・開発■GCP/AWS/Microsoft Azure等クラウドサービス・各種DP導入・開発■DB・ネットワーク・権限管理の開発■業界のビジネス理解 その他の条件 学歴 高専 大学 大学院,
1397,v107495649,2026年01月09日,【AIプロダクトマネージャー】テクノロジー戦略推進本部/グロース上場,株式会社ＢｕｙＳｅｌｌ,"1,414名",・福利厚生 制度・福利厚生 制度・設備 在宅勤務（全従業員利用可） リモートワーク可,事業・現場・経営・技術をつなぎ、事業の仕組みそのものをアップデートするプロダクトを共に創り上げていただきます。【職務内容】■各事業領域の業務プロセスを可視化し、課題を構造化(AI/データ観点を含む)■AI/ データ活用プロダクト(需要予測、査定モデル、業務自動化等)の企画~要件定義~プロダクト実装リード■AIモデル開発の要件整理(学習データ要件、評価指標、MLOps連携)■データ分析に基づく問題発見と改善案の策定■技術チーム(SWE・AIエンジニア、データサイエンティスト)との連携によるリリースマネジメント■グループ横断でのプロダクトガバナンス・優先順位管理■社内ステークホルダー(営業・オペ・経営企画など)との合意形成,テクノロジー戦略推進本部 ※職務内容の変更範囲：当社が定める業務全般,【必須】■WEBプロダクトのプロダクトマネジメント経験または、プロジェクト管理経験（5年以上）■データまたはAI/機械学習技術を用いたプロダクト開発／機能改善の推進経験 ■企画・開発・運用のPDCAサイクルを回してこられた経験■プロジェクトの目標設定やマイルストーン、タスク管理をされた経験■エンジニアやデザイナー、他職種・外部企業との連携しながら、プロダクト開発を推進した経験 【歓迎】■AI/MLプロジェクトの要件定義やモデル運用(MLOps)の理解■データ基盤(DWH/BigQuery等)を前提にしたプロダクト設計経験■機械学習モデルの評価指標・モデル改善サイクルの基礎知識 備考欄に続く その他の条件 学歴 高校 専修 短大 高専 大学 大学院,
1398,q107575553,2026年01月09日,【2/1～4/1入社限定】データアナリスト/基盤構築エンジニア/自由な働き方可能◎,ＡＭＢＬ株式会社,700名,煙（屋外喫煙可能場所あり） 勤務地備考 在宅勤務可※在宅勤務/リモートワークの利用に,【概要】多様な業界で、データ分析基盤の構築から顧客分析・需要予測・価格最適化・市場/売上分析・KPI可視化までビジネス課題やマーケティング戦略に応じたデータ活用を推進していただきます！ 大手クライアントやSIerとのプロジェクトにて、上流から下流まで伴走し、経営層やビジネス部門の意思決定を支援しています。 【安心】実務経験の浅い方は、入社後最大2ヵ月程座学研修にてデータ分析プロフェッショナルへの第一歩を踏み出していただきます。ご経験により研修期間は異なり、微経験スタートの社員も多く活躍しています。,イノベーション事業本部　データサイエンス事業部,【必須】■IT業界での就業経験（目安：2年以上） 【いずれか必須(1年以上)】■システム開発（Python、Java、React） ■データ抽出or分析経験■データ構築経験 【歓迎するご経験】■SQLによるデータ業務■Web・マーケ分析■データ準備・マート設計■データ分析・レポーティング(定量)■BigQuery・Amazon Redshiftなどを用いたビッグデータハンドリング業務■Power BIやTableauにおけるダッシュボード構築■DWH・データ基盤構築・データマート設計・開発■GCP/AWS/Microsoft Azure等クラウドサービス・各種DP導入・開発■DB・ネットワーク・権限管理の開発■業界のビジネス理解 その他の条件 学歴 高専 大学 大学院,
1399,b107574713,2026年01月09日,【AI/DX人材育成コンサルタント】顧客のAI/DX人材を育成/データサイエンス,株式会社ＳＩＧＮＡＴＥ,100名,ペ企画担当者を募集！■フレックス/週4日リモートOK/年間休日126日/全社平均残業時間,国内最大規模のデータ分析コンペティション運営から得られたゲーミフィケーションのノウハウを強みとし、顧客のDX推進を「人材」と「実務」の両面から支援し、内製化（自走）を実現することがミッションです。 【PBLやゲーミフィケーションを用いた、実践的な人材育成・教材開発】 ● 企業の実際の課題や、現場を模した架空課題に基づく、より実践的なPBL教材の開発 ● 企業のDX内製化を目的に、AI・データ分析の研修から生成AIのビジネス活用ワークショップまで、顧客ニーズに合わせた企画・開発 ● 多くのDX支援実績を持つプロフェッショナルとして研修に登壇し、次世代のDXリーダー人材を育成,,【必須】■顧客折衝の実務経験　■教育機関や人材育成の現場における講師・指導経験 【歓迎】■Pythonを用いたデータ分析プロセス（前処理/機械学習モデリング/統計解析など）の経験 ★業務内容補足 【AI開発/生成AIプロジェクトのコンサルティングおよびプロジェクトマネジメント】 ● 顧客の経営課題に対し、AI・生成AIを活用したソリューションを提案し、企業の業務変革を推進 ● 要件定義から戦略策定、AI開発、システム実装、効果検証まで、プロジェクト全体を一気通貫でリード・管理 その他の条件 学歴 高校 専修 短大 高専 大学 大学院,
1400,p107580435,2026年01月09日,【データアナリスト】業界No.1ロボアドバイザー◎MUFGグループ,ウェルスナビ株式会社,270名,】残業月20時間/フレックスタイム/一部リモート 【ツール】仕様策定：Figmaプロジェ,全自動で世界水準の資産運用を行うロボアドバイザー『WealthNavi』を展開する当社で、プロダクトのエンハンスや改善、CRM施策の推進のため、データ/現状分析・サービス改善に関わる一連の業務をお任せします。 【魅力】預かり資産1兆円超・ユーザー数約45万人のサービスのため。成長著しい事業の膨大な量のデータを活用した業務が可能！ 【詳細】■サービス改善に向けたデータ分析の企画・設計・実施■データに基づく顧客理解■分析結果に基づくサービス・プロダクト開発の意思決定支援■キャンペーンやCRM等の各種施策の効果検証・改善提案■相場変動等の外部環境変化による影響測定・分析,,"【全て必須】■SQL等分析スキルを用いたデータ分析の実務経験 ■Python, Rなど何らかのプログラミング言語の経験を用いた実務経験 【働き方】残業月20時間/フレックスタイム/一部リモート 【ツール】仕様策定：Figmaプロジェクトマネジメント（trello, JIRA, Backlog）/分析ツール：BigQuery, Firebase, Googleアナリティクス, Tableau等/マーケティングツール：Marketo, KARTE, GoogleOptimize等 ◎金融に関連しない業界出身者も多数入社・活躍いただいております。 【事業】◎MUFGグループ 約6,000万人の顧客基盤/サービス利用者は45万人以上/預かり資産1兆8000億円突破！ その他の条件 学歴 専修 短大 高専 大学 大学院",
1401,v107556180,2026年01月09日,【データ分析】CX改善/バックオフィス経験が活かせる/週3リモート可/所定労働7H,株式会社スカパー・カスタマーリレーションズ,472名,改善/バックオフィス経験が活かせる/週3リモート可/所定労働7H 株式会社スカパー・カス,データを活用した業務プロセスの改善に取り組み、顧客満足度向上を目指す施策のリードをお任せ。バックオフィス経験を活かし効率的な働き方の定着を推進。複数ステークホルダーとの調整業務を行い、チームの成果を 最大化いただきます。 【具体的には】コールセンター運営におけるデータ分析を通じて、業務プロセスの改善点を発見し、顧客満足度向上のための施策を立案・実行します。 【業務内容】バックオフィス経験を活かした効率的な業務フローの構築、データに基づく改善提案の作成、関連部署との連携によるプロジェクト推進、KPI管理による効果測定などを担当していただきます。,CX事業部門 【採用背景】人材基盤強化による拡大戦略推進,【必須】■バックオフィス全般に関わる業務経験 ■業務効率化の提案経験 ■チーム間の調整経験がある方 【歓迎】■データ活用・プロジェクト推進に自信のある方 ■Excelなどを使ったデータ分析スキル ■接客経験 【求める人物像】■システム経験がなくても、業務知識や課題解決の視点を持って取り組める方 ■テクノロジーやAI活用に興味を持ち、自ら学び続けられる方 ■部署や立場を超えて関係者を巻き込み、推進できる方 ■問題解決に取り組む姿勢が強い方 ■目標に向かってチームメンバーを積極的にサポートできる方 ■幅広いバックオフィス経験を生かして貢献したいという意識がある方 その他の条件 学歴 高校 専修 短大 高専 大学 大学院,
1402,x107285044,2026年01月09日,【データアナリスト】SQL活用／急成長コミュニティアプリ／ユーザー体験向上,株式会社Ｌｉｇｈｔ,45名,・福利厚生 制度・福利厚生 制度・設備 在宅勤務（全従業員利用可） リモートワーク可,ユーザー行動データの分析から課題抽出、改善提案、レポーティングまで一貫して担当。定量的なインサイトをもとに、サービスの成長とユーザー満足度の向上に貢献していただきます。 SQLを用いたデータ抽出・加工、ダッシュボード構築、ABテスト設計、分析結果を活用した施策提案をお任せします。マーケティング施策やプロダクト改善に直結する役割を担い、ユーザーのリアルな行動データから新たな価値を創出。エンジニアやプロダクトチームと連携しながら、仮説検証を繰り返し成長を加速させるポジションです。,,"【必須】■SQLを用いたデータ分析経験、 ■Excel／Google Sheetsを用いた分析経験 ■COUNTIF, VLOOKUP, INDEX, MATCH 等を使用し分析できる方 ■この求人の魅力 データを直接意思決定に反映できるため、自らの分析結果がサービス成長に直結する達成感を得られます。急成長中の事業フェーズで裁量を持って働けるため、新しい施策や分析手法を積極的に試せる環境です。エンジニア・PdMとの距離が近く、スピード感ある改善を進められるのも魅力です。 その他の条件 学歴 高校 専修 短大 高専 大学 大学院",
1403,k107574734,2026年01月09日,【プロジェクトマネージャー】国内No.1会員数＆開催数のAI/データのコンペ運営,株式会社ＳＩＧＮＡＴＥ,100名,ペ企画担当者を募集！■フレックス/週4日リモートOK/年間休日126日/全社平均残業時間,顧客の課題解決をリードする「技術的司令塔」として、プロジェクト成功に導くことがミッションです。弊社独自のAI人材基盤やコンペティションといったアセットを最大限に活用し、最高精度のAIモデルを追求します。 ●国内最大のAI開発コンペティションを企画・設計・運営し、クライアントの課題に対するソリューションを調達　●コンペティションの仕組みを人材育成や採用にも活用し、企業の組織開発を支援　●顧客の業務課題に対し、ソリューションを提案し、業務変革に向けた開発プロジェクトを推進　●要件定義、戦略策定から、データ分析、AI開発、効果検証まで、プロジェクトを一気通貫でリード・管理し、開発・デリバリーの責任を担う,,【必須】■SIGNATE、KaggleなどのAIコンペティションへの参加経験 ■AI開発プロジェクト（数名規模）におけるリードまたはマネジメントの実務経験 ★業務内容補足 ●企業のDX内製化を支援するため、生成AI活用やデータ分析などをテーマとした実践型ハンズオン研修を企画・開発 ●多くの企業のDX支援実績を持つプロフェッショナルとして、研修に登壇し、次世代のDXリーダー人材を育成 その他の条件 学歴 高校 専修 短大 高専 大学 大学院,
1404,c107491255,2026年01月09日,【プロダクトマネージャー】テクノロジー戦略推進本部/グロース上場,株式会社ＢｕｙＳｅｌｌ,"1,414名",・福利厚生 制度・福利厚生 制度・設備 在宅勤務（全従業員利用可） リモートワーク可,単なる機能開発のマネジメントではなく、事業変革そのものをリードするプロダクトマネジャーをお迎えし、テクノロジーを軸とした次の成長ステージを共に創っていきたいと考えています。 【職務内容】■各事業領域の業務プロセスを可視化し、課題を構造化■「Cosmos」を中心とした新機能開発／業務標準化プロジェクトの企画～要件定義～実装ディレクション■データ分析・ユーザーインタビューを通じた改善提案■技術チーム（SWE・AIエンジニア）との連携によるリリースマネジメント■グループ横断でのプロダクトガバナンスと優先順位管理■社内ステークホルダー（営業・オペ・経営企画など）との合意形成,テクノロジー戦略推進本部 ※職務内容の変更範囲：当社が定める業務全般,【必須】■WEBプロダクトのプロダクトマネジメント経験または、プロジェクト管理経験（5年以上）■企画・開発・運用のPDCAサイクルを回してこられた経験■プロジェクトの目標設定やマイルストーン、 タスク管理をされた経験■エンジニアやデザイナー、他職種・外部企業との連携しながら、プロダクト開発を推進【歓迎】■エンジニアとしてのWEBアプリケーションの開発実務経験■プロダクトマネージャーや事業責任者の経験■エンジニア・プロダクトマネジャーのピープルマネジメントの経験■デジタルマーケティングやマーケティングオートメーションに関する知識、経験■GAやBIツールを用いたデータ分析の経験　備考欄に続く その他の条件 学歴 高校 専修 短大 高専 大学 大学院,
1405,d107577123,2026年01月09日,【未経験/データ活用支援コンサルタント】Tableau/PwerBIカスタマーサクセス,株式会社セラクＣＣＣ,357名,・福利厚生 制度・福利厚生 制度・設備 在宅勤務（一部従業員利用可） リモートワーク,我々のミッションは「Tableau」の最大活用を通じてデータドリブンな事業運営を実現することです。導入して完結する企業が多いため、その課題を中長期で支援するのが今回のポジションになります。 ■データの仕様確認、集計、可視化、モデル化(SQL、Tableau、R等)：Tableauのダッシュボードを利用し、データ加工や分析ツールによる分析結果をグラフ化■データマート作成、分析設計：お客様が保有する様々なデータをETLツールなどによって一元管理し分析内容だけでなく、インサイトに基づいて起こされるアクションまで想定し分析方針を策定,セラクCCC公式HP：https://www.ccc.seraku.co.jp/ セラクCCC採用サイト：https://www.ccc.seraku.co.jp/recruit/,【必須】 ■正社員経験2年以上 ■顧客折衝経験がある方 【魅力】■キャリアアップ：データ分析スキルは今後のビジネスシーンで非常に重要視される専門性の高いスキルです。当社での経験を通じて、市場価値の高いスキルセットを身につけられます。また、スペシャリストとしてデータ分析の専門家を目指すことも可能です。■充実した研修制度：約1～2ヶ月間の研修期間を設け、未経験からでもデータ分析ツールの操作方法や顧客対応スキルを習得できます。 その他の条件 学歴 高校 専修 短大 高専 大学 大学院,
1406,p107568558,2026年01月09日,【マーケティング戦略企画】◎急成長企業の自社マーケ/平均残業20h/裁量権高,株式会社ＦＥＥＬ,"6,616名",未提到,急成長中のフィットネス「暗闇フィットネス」FEELCYCLEを運営する当社にて、マーケティング戦略企画の業務をお任せします。　◎事業拡大に向けたマーケティング組織の強化です。裁量権高く業務に携われます。 【具体】■会員情報/売上状況/アクセス状況など多様なデータを活用した現状分析　■あるべき状態の設計・言語化と、現状分析を基にした課題の抽出・設定　■課題に対する具体的なマーケティング施策/実行計画/効果検証の策定　■決裁者、関係者との合意形成　■立案した施策の実行、進捗管理　■効果検証と更なる改善に向けた検討,Brand Strategy Div.,"【必須】■広告代理店や事業会社でのマーケティング企画・販促企画・ブランディング企画いずれかを行った経験（3年以上）　■多様なデータを幅広く活用して現状分析を行った経験（3年以上） 【歓迎】■Google Analytics , Google Search Consoleなど各種ツールを活用した経験　■広告運用/SEO対策/プロモーション企画など、具体的な実務を主体者として実行・推進した経験  ◎データ分析を基に、クリティカルな課題設定と具体施策の立案・実行を担える人材を募集します。 その他の条件 学歴 高校 専修 短大 高専 大学 大学院",
1407,e107542931,2026年01月09日,【動作解析エンジニア】ヨガ・ピラティス事業を展開する成長企業/IPO準備中,株式会社ＺＥＮ,"1,500名",未提到,新規ヘルステックサービス「Well-being HQ」の開発において、3Dセンシング技術とAIを活用した動作解析をお任せします。動作データ取得からアルゴリズム開発・実装までを担っていただきます。 【具体的には】■3Dカメラ・センサーによる動作データ取得・解析 ■姿勢推定・動作解析アルゴリズム、AIモデル開発・実装 ■身体動作の定量化ロジック設計■モーション解析APIの設計・改善 ■計測アルゴリズム・AIモデルの検証・チューニング ■技術検証・研究テーマ企画※将来的には動作解析領域のテックリードとして、技術方針策定・設計レビュー・技術リードを担っていただきたいです。,,【必須】■理系大学院 修士課程修了（機械工学／ロボティクス／情報工学／医工学等）■動作解析／画像処理／ロボティクス／機械学習いずれかの研究または実務経験■センサー・カメラを用いたデータ計測・解析経験 【当社について】ピラティス・ヨガを中心に、ウェルビーイングを追求するヘルスケア企業です。国内150以上のスタジオを展開し、高品質なピラティス・ヨガを提供しています。また、訪問看護やリハビリサービス、CBD製品の開発・販売、AI解析を活用したヘルスケアアプリなども展開。 その他の条件 学歴 高校 専修 短大 高専 大学 大学院,
1408,h107578304,2026年01月09日,【営業企画/メンバークラス】KDDIグループ/成長中の企業,ａｕ損害保険株式会社,157名,ホ・セントリック」な保険サービスを提供！リモートワーク等、働きやすい環境も魅力！ 仕事の,当社のマーケティング部にて営業活動支援として『新商品・付帯サービスの企画・開発』または『営業部門の予実管理、KPI策定・進捗管理等の営業企画業務』のいずれかをご希望に合わせて担当いただきます。 【主な業務内容】■新商品・付帯サービスの開発■上記開発のための市場調査・データ分析■顧客ターゲット設定、商流モデル策定、プライシング■営業部門予算策定、予実管理■営業部門のKPI策定・進捗管理■営業目標達成に向けた課題分析、改善策構築・実行 ※上記は一例です。ご本人の適性、ご経験、ご希望を考慮して業務をアサイン致します。,マーケティング部,【いずれか必須】■金融業界でゼネラリストとして業務に取り組まれてきた方■営業企画の経験がある方(業界不問)【歓迎】■企画業務経験■商品・サービスの導入、システム開発のプロジェクトマネジメントの経験 【キャリアパス】まずはマーケティング企画のリーダーを目指して頂きます。長期的にはグループ長や部長職等の管理職へのキャリアアップにチャレンジいただくことを期待いたします。 【当社の特徴】■Web中心とした損害保険会社■DX推進により、さらなる業務効率化や新サービスの創出により、事業成長が期待できる分野 その他の条件 学歴 大学 大学院,
1409,f107578306,2026年01月09日,【営業企画/リーダークラス】KDDIグループ/成長中の企業,ａｕ損害保険株式会社,157名,ホ・セントリック」な保険サービスを提供！リモートワーク等、働きやすい環境も魅力！ 仕事の,当社のマーケティング部にて営業活動支援として『新商品・付帯サービスの企画・開発』または『営業部門の予実管理、KPI策定・進捗管理等の営業企画業務』をマネージャー候補としてお任せいたします。 【主な業務内容】■新商品・付帯サービスの開発■上記開発のための市場調査・データ分析■顧客ターゲット設定、商流モデル策定、プライシング■営業部門予算策定、予実管理■営業部門のKPI策定・進捗管理■営業目標達成に向けた課題分析、改善策構築・実行 ※上記は一例です。ご本人の適性、ご経験、ご希望を考慮して業務をアサイン致します。,マーケティング部,【いずれか必須】■金融業界でゼネラリストとして業務に取り組まれてきた方■営業企画の経験がある方(業界不問)【歓迎】■企画業務経験■商品・サービスの導入、システム開発のプロジェクトマネジメントの経験 【キャリアパス】まずはマーケティング企画のリーダーを目指して頂きます。長期的にはグループ長や部長職等の管理職へのキャリアアップにチャレンジいただくことを期待いたします。 【当社の特徴】■Web中心とした損害保険会社■DX推進により、さらなる業務効率化や新サービスの創出により、事業成長が期待できる分野 その他の条件 学歴 大学 大学院,
1410,i107531542,2026年01月09日,[マーケティング/リーダー候補]自社サービス/ソニーG発ベンチャー/グロース上場,ミーク株式会社,71名,・福利厚生 制度・福利厚生 制度・設備 在宅勤務（一部従業員利用可） 寮・社宅 無,"IoTサービス事業及びDXを推進する企業向けに『MEEQ』を展開する当社マーケティング業務をお任せします。戦略立案から実行まで一貫してお任せいたします。リーダー候補としてリードの質にコミットいただきます。 ■新規リード獲得：展示会,Web広告,ウェビナー,Webサイト改善やSEO施策等、多角的なチャネル戦略の企画・実行・検証・改善■リードナーチャリング：MAツール（SalesCloudやAccount Engagement等）を活用した見込み顧客の育成施策の企画・実行・検証・改善■データ分析：GA4等の分析ツールや、MA/SFAのデータを総合的に活用し、リードの質を詳細に分析。データに基づき、効果最大化に向けた具体的な改善施策を立案・実行。",4名,【いずれも必須】■BtoBマーケティングの実務経験　5年以上 ■MA/SFAツール（Sales Cloud/Account Engagementなど）の利用経験 ■Webサイト改善またはSEOの実務経験 【当社について】≪MEEQとは≫手軽にIoT、DXを実現することができるIoT事業者向けサービスです。法人のお客様が自社製品やサービスに通信を組み込むサポートを行います。≪MVNE事業≫MVNO（格安SIMを提供する事業者）に向けた支援事業を行っています。通信回線の提供からMVNOの事業にかかわる様々な業務を裏側からサポートします。≪社風≫チャレンジを歓迎する社風でご自身の企画を発信しやすい環境です。 その他の条件 学歴 高専 大学 大学院,
1411,d107546466,2026年01月09日,【マーケティング】未経験歓迎★トップの物流不動産/フレックス制/年休125日,株式会社シーアールイー,358名,ペシャリストへ★フルフレックスタイム制、リモートワークOK、副業OK、服装自由と柔軟性の,国内物流不動産のパイオニア企業として、物流不動産を中心としたトータルサービスを展開する当社で、より戦略的なマーケティング活動を推進するため、データドリブンな施策企画・実行を担う新メンバーを募集します 【入社後】■WEBサイトやメールマガジンの運営・改善■コンテンツ制作・運用管理（コラム、LP、バナー、ホワイトペーパーなど）■MAツールを活用した顧客データ管理・分析 【その後スキル・志向に応じて戦略的マーケティング業務もお任せ】■マーケティング戦略の立案・推進■データ分析に基づく施策改善・KPI管理■新規サービス・プロジェクトの立ち上げ支援■営業部門との連携によるリード獲得施策の企画・実行,課長（20代）、メンバー2名（20代、30代）★WEB集客・広告運用・コンテンツ制作・データ分析 を担当するチームです。,【必須】・法人営業経験・社会人経験1年以上・Excelでのデータ整理・分析経験（ピボット、VLOOKUP、IF関数など）～未経験からBtoBマーケティングの最前線で、企画・実行・分析まで一貫して担うマーケターへ～ 【魅力】★未経験でも、Excelスキルや論理的思考力があれば、 MAツールや広告運用などの実務を段階的に習得可能です！実際に新卒３年目で広告内製化を立ち上げた事例もあり、裁量を持って施策を推進できる環境です★物流不動産という成長産業におけるBtoBマーケティングは、市場価値の高いスキルです★三井住友ファイナンス＆リースグループの安定基盤のもと、新しい施策に挑戦できる風土があります その他の条件 学歴 高校 専修 短大 高専 大学 大学院,
1412,w107503541,2026年01月05日,【生成AI/Python/機械学習エンジニア】SMBCグループ/グループ各社協働/積極投資,ＳＭＢＣコンシューマーファイナンス株式会社,"1,989名","3,500円 ※拠点により変動あり） 【テレワーク】テレワーク（週1回程度）  ■変更の範",SMBCグループの債権管理領域において、生成AI・機械学習を活用したスコアリングや督促指示モデルの構築・運用を担当。従来のマシンラーニングから生成AIへの移行を進め、グループ各社と協働するプロジェクトです。 【具体業務】債権管理における生成AI・機械学習を活用したスコアリングや督促指示モデルの構築・運用、顧客対応チャットボットへの生成AI活用、Pythonを用いた統計解析・機械学習モデルの開発、既存モデルへの生成AI技術の組み込み・高度化を担当。SMBCグループ全体で生成AIへの投資が進む中、業務実装を見据えたモデルやプロダクトをグループ各社と協働し、債権管理領域におけるAI活用の中核を担うポジションです。,債権管理部 【組織構成】合計31名(年齢層：20～50代),【必須】■生成AIの活用経験に加えて、機械学習・統計解析の実務経験を有する方（Pythonおよび主要ライブラリを扱える方・統計モデリング/データ解析を自走できる方） 【魅力】■債権管理事業は与信（貸付）と対をなす重要領域であり、当社は、督促業務の自動化だけでなく、デジタルとヒトのチャネルミックスの最適化をいち早くモデル化し、導出できる体制を整えています。■SMBCグループは生成AIに積極投資しており、強みを伸ばすべく、生成AIとPythonを活用した高度なモデル構築・運用を推進■生成AI活用における金融業界の先駆者として、特許取得も視野に入れた重要な役割を担当 その他の条件 学歴 高校 専修 短大 高専 大学 大学院,
1411,r107538562,2026年01月08日,【データサイエンティスト】年間休日120日/働き方◎/福利厚生充実,ＧＭＯあおぞらネット銀行株式会社,209名,"感があります！■土日祝休み,フレックス,リモートワーク可、仕事と育児の両立支援制度有で長",データサイエンティストとして、以下の業務を担って頂きます。またリーダーポジションにてメンバーの教育や、ビジネス部門に所属するメンバーへのデータ駆動型業務の遂行方法を育成頂けることも期待しています。 ■機械学習などを活用した金融分野における意思決定モデル(与信モデル、信用リスクモデル、法人管理モデル、ターゲティングモデル等)の開発、評価　■開発したモデルのビジネスへの実装支援　■行内外からのデータを抽出する基盤、分析基盤、可視化基盤の構築 ■ビジネス部門のメンバーに対して、データ抽出、分析といった基礎的な内容についての育成,CTOオフィスグループ,【必要なスキル･経験】■ビジネス課題解決スキル(課題の定義、解決策の立案および解決するスキル)　■データサイエンススキル(統計、情報処理、人口知能などの知識を理解し、活用できるスキル) ■データエンジニアリングスキル(データサイエンススキルで開発したモデルをビジネスに生かすことができるスキル)　■円滑なコミュニケーション 【このポジションの魅力】 ◎新規立上のチームであるため大きな制約なく、業務を遂行することができます。◎ほぼすべての銀行業務に携わることができるため、幅広い金融業界経験・知識が得られます。 その他の条件 学歴 大学 大学院,
1414,s106928549,2026年01月08日,【技術開発本部/AIソリューションアーキテクト】急成長企業/全社戦略に直結,ＣＰＡエクセレントパートナーズ株式会社,306名,未提到,本ポジションでは、以下の業務をお任せします。 -AI活用アイデアや企画に対しての技術的観点での仮説構築、PoCやプロトタイピングを通じての検証 -ソリューションの実現性(品質・コスト・スピードのバランス)を考慮した設計 -ソリューション設計を実現できるベンダーのアサイン、製品化までの技術的観点での管理 -プロダクトの利用状況をモニタリング・チューニングや改善,【技術開発本部】8名(今後5名程度の新規採用を予定)成長意欲の高いメンバーが、互いに刺激し合いながらプロダクトを進化させています。,【必須】■生成AI技術の実務経験■クラウドAIサービスの評価・選定経験■AIシステム設計の経験■データモデリング・データフロー設計経験■クラウドアーキテクチャ設計経験■システムアーキテクト経験：5年以上 【歓迎】■AI/ML関連の資格（AWS Machine Learning Specialty等）■複数のクラウドプラットフォームでのAI実装経験■複数のAIフレームワーク（TensorFlow、PyTorch等）の実装経験■エンタープライズアーキテクチャ設計経験■API設計・マイクロサービスアーキテクチャの実装経験■データガバナンス・セキュリティ設計の経験■大規模なAIシステムの運用経験 その他の条件 学歴 大学 大学院,
1415,a107571285,2026年01月08日,35万人の顧客体験を加速させるCDPマネジメント/データ活用経験者歓迎,株式会社Ｌｏｏｏｐ,284名,・福利厚生 制度・福利厚生 制度・設備 在宅勤務（一部従業員利用可） リモートワーク,CDP（Customer Data Platform）の運用と活用を担当し、データを通じて顧客とのつながりを深める施策を設計・実行。データ連携やクレンジング、ダッシュボード作成など幅広い業務を通じ、事業成長に貢献頂きます 具体的には、自社サービスとユーザーとのつながりを深めるためのデータ活用施策を設計・実行し、データ連携やタグ設計、データクレンジングを行います。顧客セグメントの設計や抽出クエリ作成、マーケティングオートメーション（MA）との連携、効果測定のためのダッシュボード・レポート作成も含まれます。業務の高度化や自動化をリードし、経験に応じて実務から設計・運用・部門間調整まで幅広くご担当いただきます。,,データ活用に知見があり、CDPの設計・運用経験やマーケティングオートメーションの運用経験を持つ方。SQLやBIツールを用いた分析スキルがあり、エンジニアやデータアナリスト、マーケターとの協業経験がある方。 【魅力】このポジションでは、最先端のデータ基盤を駆使して顧客体験価値を高める重要な役割を担います。データドリブンな企業文化の中で、あなたの提案が会社全体を動かす可能性があり、直接的なビジネス成果に貢献できます。裁量を持って業務を推進し、成長機会を活かして専門性を高めることができる環境が整っています。また、上場準備に携わるチャンスもあり、キャリアの幅を広げる絶好の機会です。 その他の条件 学歴 高校 専修 短大 高専 大学 大学院,
1416,n107566415,2026年01月08日,未経験・第二新卒歓迎！【コンサルタント】顧客体験の最大化を支援する,株式会社ＳＯＲＡＭＩＣＨＩ,74名,・福利厚生 制度・福利厚生 制度・設備 在宅勤務（全従業員利用可） リモートワーク可,大手クライアントの顧客体験の最大化を支援するコンサルティングファームです。顧客接点全体にわたる戦略立案～システム構築・運用までを一貫して担い、CRM導入支援、データ分析、デジタル広告戦略設計・改善、 Web/アプリ改善に至るまでワンストップで提供しています。CXコンサルタントは、クライアント企業の顧客理解を深め、個客最適化の実現に向けて戦略から実装・改善まで伴走する役割を担います。 【仕事内容】■顧客体験（CX）に関するリサーチ・分析・資料作成のサポート■CRM／MAツール（Salesforce、KARTE、Braze等）の学習・活用補助■Webサイト／アプリ改善に関するディレクション補助,業界未経験の方が多数入社されておりご活躍されております。風通しがよく未経験の方でも成長できる環境です。,未経験歓迎！経験不問！ 本ポジションは 第二新卒や未経験の方 を対象に、CX領域でのキャリアを築きたい方を歓迎します。入社後は研修やOJTを通じて知識・スキルを習得し、先輩コンサルタントと共にプロジェクトを推進していただきます。【主な取引先】東証プライム市場上場企業を含む大手企業が中心で、金融、不動産、流通、製造業など、産業は多岐にわたります。 その他の条件 学歴 大学 大学院,
1417,n107566187,2026年01月07日,◆BI事-003【データ分析コンサルタント】生成AI・AIエージェントにも携われる,ＴＩＳ株式会社,"5,469名",で提供できる実装力があります ■働き方は在宅勤務と併用してできるため働きやすい環境で,TISインテックグループの澪標アナリティクス社に出向（本籍はTIS株式会社）し、以下の業務を担います ■AI・データ分析領域における、PoC及びＡＩモデル構築案件のプロジェクトマネージャー ■データ利活用に関するコンサルティングワークのプロジェクトマネージャー ■案件獲得に向けた提案活動(新規・継続ともに)※営業はおりますが、提案オーナーはお任せします。 【プロジェクト例】生成AIを活用したナレッジ検索の高度化、体験型アプリのレコメンドアルゴリズム、画像解析による船の沈み具合の計測、製造装置異常検知、金融業界顧客の優良顧客化に向けた分析、製薬業界向けの研究及び営業高度化の分析(MMM等),ビジネスイノベーション事業部 AI&ロボティクスイノベーション部 入社後すぐに、澪標アナリティクス社(株)へ出向いただきます。,【必須】■データサイエンティストやデータエンジニア、データ分析基盤構築などのご経験 ★環境：Python、R、SPSS、SAS、SQL、ETL、カタログ、DateLakeなど 【魅力】■業務データ×基幹システムに強い：弊社は金融・製造など実業務データを長年扱い、PoC止まりでない“使われ続ける”データ分析・AIを実装できます ■分析～AI実装・運用まで一気通貫：データ分析、機械学習、生成AIを業務システムに組み込み、MLOps含めた運用前提で提供できる実装力があります ■働き方は在宅勤務と併用してできるため働きやすい環境です その他の条件 学歴 高校 専修 短大 高専 大学 大学院,
1418,h107566295,2026年01月07日,◆BI事-004【データ分析コンサルタント】生成AI・AIエージェントにも携われる,ＴＩＳ株式会社,"5,469名",で提供できる実装力があります ■働き方は在宅勤務と併用してできるため働きやすい環境で,TISインテックグループの澪標アナリティクス社に出向（本籍はTIS株式会社）し、以下の業務を担います ■AI・データ分析領域における、PoC及びＡＩモデル構築案件のプロジェクトマネージャー ■データ利活用に関するコンサルティングワークのプロジェクトマネージャー ■案件獲得に向けた提案活動(新規・継続ともに)※営業はおりますが、提案オーナーはお任せします。 【プロジェクト例】生成AIを活用したナレッジ検索の高度化、体験型アプリのレコメンドアルゴリズム、画像解析による船の沈み具合の計測、製造装置異常検知、金融業界顧客の優良顧客化に向けた分析、製薬業界向けの研究及び営業高度化の分析(MMM等),ビジネスイノベーション事業部 AI&ロボティクスイノベーション部 入社後すぐに、澪標アナリティクス社(株)へ出向いただきます。,【必須】■データサイエンティストやデータエンジニア、データ分析基盤構築などのご経験　■PM/PLまたはコンサルのご経験 ★環境：Python、R、SPSS、SAS、SQL、ETL、カタログ、DateLakeなど 【魅力】■業務データ×基幹システムに強い：弊社は金融・製造など実業務データを長年扱い、PoC止まりでない“使われ続ける”データ分析・AIを実装できます ■分析～AI実装・運用まで一気通貫：データ分析、機械学習、生成AIを業務システムに組み込み、MLOps含めた運用前提で提供できる実装力があります ■働き方は在宅勤務と併用してできるため働きやすい環境です その他の条件 学歴 高校 専修 短大 高専 大学 大学院,
1419,e107543756,2026年01月07日,【データサイエンティスト(マネージャー)】データ分析・AI活用/企画支援,アビームコンサルティング株式会社,"8,816名",・福利厚生 制度・福利厚生 制度・設備 在宅勤務（一部従業員利用可） リモートワーク,AI・テクノロジーを活用したクライアントビジネスの創出からアナリティクスによる課題解決や価値創造などを行う部門でデータサイエンティストとして分析業務の支援。プロジェクトマネジメントもお任せ。 【プロジェクト事例】 ・目的に合致した最適手法での分析実施、知見獲得、モデル構築支援 ・分析結果の評価プロセス、運用プロセスの適正化支援 ・アナリティクスに関するトレーニングサービスの提供 ・最新の研究動向（学会、コンソーシアム）の調査　等 ★ビジネス価値創出・競争力のあるモデル構築といった企業価値向上に貢献したい方はぜひ！,AILセクター,【マネジメント経験ありでいずれか必須】■データサイエンティストとしての実務経験 ■データを活用したコンサルティング経験(Python、SAS、SPSS、SQL、R等)　■機械学習モデルの構築経験 <国内企業の海外拠点支援など、アジア発ならではのグローバル案件有り> ■グローバルプロジェクトは日本のメンバーが主導しているため、駐在や 出張の機会があり、グローバルでご活躍が可能 <Open Work「働きがいのある企業ランキング」日系総合コンサル最上位> ■潤沢なリソースを用いて戦略立案～実現化まで踏み込んで支援が可能 ■部門間の不要な競争意識はなく協力体制が根付いており、社員の人柄〇 その他の条件 学歴 大学 大学院,
1420,g107543754,2026年01月07日,【データサイエンティスト(リーダー候補)】データ分析・AI活用/企画支援,アビームコンサルティング株式会社,"8,816名",・福利厚生 制度・福利厚生 制度・設備 在宅勤務（一部従業員利用可） リモートワーク,AI・テクノロジーを活用したクライアントビジネスの創出からアナリティクスによる課題解決や価値創造などを行う部門でデータサイエンティストとして分析業務の支援。プロジェクトリードもお任せ。 【プロジェクト事例】 ・目的に合致した最適手法での分析実施、知見獲得、モデル構築支援 ・分析結果の評価プロセス、運用プロセスの適正化支援 ・アナリティクスに関するトレーニングサービスの提供 ・最新の研究動向（学会、コンソーシアム）の調査　等 ★ビジネス価値創出・競争力のあるモデル構築といった企業価値向上に貢献したい方はぜひ！,AILセクター,【いずれか必須】■データサイエンティストもしくはアナリストとしての実務経験 ■データを活用したコンサルティング経験(Python、SAS、SPSS、SQL、R等)　■機械学習モデルの構築経験 <国内企業の海外拠点支援など、アジア発ならではのグローバル案件有り> ■グローバルプロジェクトは日本のメンバーが主導しているため、駐在や 出張の機会があり、グローバルでご活躍が可能 <Open Work「働きがいのある企業ランキング」日系総合コンサル最上位> ■潤沢なリソースを用いて戦略立案～実現化まで踏み込んで支援が可能 ■部門間の不要な競争意識はなく協力体制が根付いており、社員の人柄〇 その他の条件 学歴 大学 大学院,
1421,k107543750,2026年01月07日,【データサイエンティスト(ジュニア)】AI・データを活用した新たな事業創出,アビームコンサルティング株式会社,"8,816名",・福利厚生 制度・福利厚生 制度・設備 在宅勤務（一部従業員利用可） リモートワーク,AI・テクノロジーを活用したクライアントビジネスの創出からアナリティクスによる課題解決や価値創造などを行う部門でデータサイエンティストとして分析業務の支援などを行っていただきます。 【プロジェクト事例】 ・目的に合致した最適手法での分析実施、知見獲得、モデル構築支援 ・分析結果の評価プロセス、運用プロセスの適正化支援 ・アナリティクスに関するトレーニングサービスの提供 ・最新の研究動向（学会、コンソーシアム）の調査　等 ★ビジネス価値創出・競争力のあるモデル構築といった企業価値向上に貢献したい方はぜひ！,AILセクター,【いずれか必須】■データサイエンティストもしくはアナリストとしての実務経験 ■データを活用したコンサルティング経験(Python、SAS、SPSS、SQL、R等)　■機械学習モデルの構築経験 <国内企業の海外拠点支援など、アジア発ならではのグローバル案件有り> ■グローバルプロジェクトは日本のメンバーが主導しているため、駐在や 出張の機会があり、グローバルでご活躍が可能 <Open Work「働きがいのある企業ランキング」日系総合コンサル最上位> ■潤沢なリソースを用いて戦略立案～実現化まで踏み込んで支援が可能 ■部門間の不要な競争意識はなく協力体制が根付いており、社員の人柄〇 その他の条件 学歴 大学 大学院,
1422,v107568123,2026年01月07日,【データサイエンティスト】検索・レコメンド改善/GCP環境/リモート可,合同会社ＤＭＭ．ｃｏｍ,"2,584名",スト】検索・レコメンド改善/GCP環境/リモート可 合同会社ＤＭＭ．ｃｏｍ 業界未経験O,DMMの検索・レコメンドエンジンの改善を通じて、事業成長を牽引するポジションです。膨大なデータを活用し、年間数億円規模の売上増に直結する、データサイエンティストとして最高の手応えを実感できます。 【具体的には】DMMサービスにおける検索・レコメンドエンジンの改善ポイントを特定し、注力領域を決定します。事業課題に対して最適な技術を選定し、オフライン/オンラインテストで改善可能性を立証。検証されたロジックを本番環境へ実装し、数百万人規模のユーザーに届けます。リリース後のパフォーマンスを分析し、次の施策を立案する改善ループを自ら回し続けます。,【DMM EV CHARGEのサービス導入事例】https://ev-charge.dmm.com/case/,【必須経験】■SQLを使用したデータ分析の豊富な経験■大規模データの処理経験■機械学習プロダクトを本番にて開発・運用した経験■基本的な機械学習に関する知識 【魅力】 ■データサイエンスを直接的な事業のエンジンとして機能させる、非常にエキサイティングで裁量の大きいポジションです ■自らのロジックが年間で数億円規模の売上増に直結する手応えを実感できます ■GCP環境に整備されたモダンな開発環境で、エンジニアリングのストレスなく実験からデプロイまでシームレスに行えます その他の条件 学歴 高校 専修 短大 高専 大学 大学院,
1423,g107558967,2026年01月07日,○グループマネージャー（データサイエンスグループ）,株式会社資生堂,"33,414名",業場所の変更範囲】会社の定める就業場所（リモートワークを行う場所を含む,データサイエンスグループのグループマネージャーとして、AIのプロフェッショナル集団をリードし、ビジネスの意思決定を支援する社内AI戦略策定からAIソリューション開発、技術検証、提案全般を実行します。 ■プロジェクト管理、チーム育成、ステークホルダーとの連携 ■将来データ/AIビジョンの策定 ■データサイエンティスト/機械学習エンジニア等の高度専門集団を統括し、資生堂ジャパン全体の事業課題特定・データ分析案件を推進 ■分析全般、クラウドネイティブなMLパイプライン構築、アナリティクス業務全般の責を担う ■事業戦略に沿ったデータ分析やAI活用戦略の考案から実現の全般を主導し、ビジネス価値創出に貢献,データサイエンスグループ,【必須】■データサイエンス・統計学・コンピュータサイエンス、関連分野での学士号以上 ■データサイエンス・機械学習・関連分野での実務経験7年以上 ■Python・R・SQLなどのデータ分析ツール開発スキル ■チーム管理経験と優れたリーダーシップスキル ■ビジネスレベルの日本語と英語のコミュニケーション能力 ※データサイエンスの専門性を活かし、ビジネス価値提供に繋がるプロジェクトのアプローチ設計とマネジメントを担います。クラウドネイティブなMLOps、LLMOps開発指示などの技術的な専門性に加え、円滑なコミュニケーションによりステークホルダーとの関係を構築し、ビジネスインサイトを導き出していただきます。 その他の条件 語学 英語 中級 学歴 大学 大学院,
1424,h107569496,2026年01月07日,【データエンジニア・データアナリスト】年間休日123日/創業約50年で安定経営,株式会社日本デイリー通信社,140名,未提到,クライアントが抱えるマーケティング課題に対して、データ集計や分析を通じ、結果を読み解いたレポーティングやクライアント報告を行って頂きます。 【具体的な業務】■クライアントや競合他社の売上データや広告出稿データ、WEBサイトのアクセスログデータ等、多種多様なデータの集計■広告効果や施策の評価分析などを実施し、顧客のマーケティング意思決定やメディアプランニングの策定をサポート■データ分析や可視化のための環境整備■ダッシュボードをつかった保有データの可視化■集計ツールの作成によりデータ処理の効率化を図るなど,マーケティング・ソリューション部　19名,【必須】 ■BQなどSQLによる大規模データ集計の実務経験 ■Pythonなどのプログラミング言語による開発・分析経験 【本ポジションの魅力】 大手広告代理店のマーケティングパートナーとして業績好調！約50年の歴史がある優良企業！安定した経営基盤を誇ります。一流企業との取引をメインに行い、売り上げは設立以来拡大しております。今後も主要顧客をメインにフォローしながら事業拡大を進めていきます。更なるソリューション提供事業拡大のため、開発担当者を増員致します。 その他の条件 学歴 高校 専修 短大 高専 大学 大学院,
1425,c107548315,2026年01月07日,神田【事業企画】データ活用・プロジェクト推進/海外へ積極展開中/創業215年,塩野香料株式会社,220名,未提到,入社後すぐは、●国内外の市場動向、競合製品、消費者トレンドを調査し、事業戦略に活用するためのレポートを作成　●現中期戦略の理解と戦略立案やプロジェクト推進にも早期に関与　をお任せします。 【具体的には】 ・データ分析視点での中期戦略、事業計画の策定 ・市場ニーズ、トレンドの調査と未来予見（日本国内と海外各国） ・フレーバー、セイボリー、フレグランス事業における営業ツールの作成 ・新規事業（周縁・先端）における市場開拓および製品開発・プロジェクトの企画、推進,香料事業本部　事業企画グループ,【必須】■定量・定性データをもとに仮説構築・意思決定を行った経験 ■社内外にて部門横断的なプロジェクト推進の経験 ■Excel、PowerPoint、Tableau等を用いたデータ分析経験 ■親和性の高い業界(食品・飲料・日用品など)での実務経験 ※上記のご経験があれば、現在、事業企画のポジションの方でなくても応募歓迎です！  【歓迎】・中期経営計画や事業戦略の策定経験・ビジネスレベルの英語力 その他の条件 学歴 大学 大学院,
1426,f107569759,2026年01月07日,デジタルクーポン,オペレーションスペシャリスト【購買データ活用×広告運用】,237名,・福利厚生 制度・福利厚生 制度・設備 在宅勤務（全従業員利用可） リモートワーク可,メーカー向けデジタル広告キャンペーンのオペレーション統括。データ分析を基に提案支援し、社内外調整や業務改善プロジェクトにも参画するポジションです。 ■セールス活動支援：与件整理、提案資料作成、データ分析依頼 ■広告配信進捗管理、設定依頼書作成、スケジュール調整 ■関係部署との調整、クリエイティブ制作依頼 ■キャンペーンレビューと効果測定アウトプット ■オペレーション効率化や改善活動への参画 ■派遣社員指示・進捗管理、チームトレーニング実施,,【必須】 ■セールスまたはセールスサポート経験 ■Excel中級（Pivot、VLOOKUP等） 【歓迎】 ■デジタル広告運用経験 ■スピード感ある環境でのマルチタスク対応 ■他部署との折衝能力 ■業務改善プロジェクト参画経験 その他の条件 語学 英語 初級 学歴 大学 大学院,
1427,o107569123,2026年01月07日,【データ活用支援コンサルタント】Tableau/PwerBIカスタマーサクセスリーダー,株式会社セラクＣＣＣ,357名,・福利厚生 制度・福利厚生 制度・設備 在宅勤務（一部従業員利用可） リモートワーク,ミッションはBIツールの最大活用を通じてデータドリブンな事業運営を実現することです。導入しただけで終わっている企業が多いため、その課題を中長期で支援するのが今回のポジションになります。 ■データの仕様確認、集計、可視化、モデル化(SQL、Tableau、R等)：Tableau（PowerBIもあり）のダッシュボードを利用し、データ加工や分析ツールによる分析結果をグラフ化■データマート作成、分析設計：お客様が保有する様々なデータをETLツールなどによって一元管理し分析内容だけでなく、インサイトに基づいて起こされるアクションまで想定し分析方針を策定,セラクCCC公式HP：https://www.ccc.seraku.co.jp/ セラクCCC採用サイト：https://www.ccc.seraku.co.jp/recruit/,【下記いずれかのご経験】■マーケティングのご経験/営業企画職、営業マネージャー、経営戦略、IT戦略、Dx推進、事業企画職などのご経験/分析、解析ツール利用のご経験/カスタマーサクセス業務のご経験2年 【魅力】■キャリアアップ：データ分析スキルは今後のビジネスシーンで非常に重要視される専門性の高いスキルです。当社での経験を通じて、市場価値の高いスキルセットを身につけられます。また、スペシャリストとしてデータ分析の専門家を目指すことも可能です。■充実した研修制度：約1～2ヶ月間の研修期間を設け、未経験からでもデータ分析ツールの操作方法や顧客対応スキルを習得できます。 その他の条件 学歴 高校 専修 短大 高専 大学 大学院,
1428,s107563833,2026年01月07日,法人事業拡大に向けた企画推進責任者（サービス企画推進部）,ａｕじぶん銀行株式会社,637名,・福利厚生 制度・福利厚生 制度・設備 在宅勤務（全従業員利用可） 副業OK（一部従,法人向け事業（インターネットを前提とした預金・為替・融資業務全般）の業容拡大に向けた企画推進をリード頂ける方を募集します。 ■主に中小企業のお客さまを対象とする法人向け事業の企画、推進 - 新たな法人向けサービス（融資機能等） - 上記を実現する為の望ましいシステム構成 - ターゲット市場分析 - 社内外の関係メンバー統括を含む - プロジェクトマネジメント　　　等,【本部長＋部長＋28名体制（25年12月現在）】・資産運用グループ：15名 ・法人グループ：13名 ※配属予定は法人グループとなります,【必須要件】 ■銀行での就業経験があり、法人顧客を対象とした企画業務経験3年以上 ■ビジネス上のコミュニケーション力 ■PowerPoint、Excel、Word等の一般的なPCスキル。 【歓迎要件】 ■マネジメント経験 ■銀行システムに関する基礎的な知識（基幹システム、EUD、SaaS、インターネットバンキング 等）。 ■市場環境や同業他社等のデータ分析力。 その他の条件 学歴 専修 大学 大学院,
1429,k107565659,2026年01月07日,【虎ノ門/リサーチスペシャリスト,課長】部門立ち上げ/経営判断支援,671名,未提到,【リサーチスペシャリストおよび 課長として下記役割をお任せします】■経営戦略に資する市場・生活者インサイト提供■商品企画・コミュニケーション戦略の妥当性評価■ブランド価値定量的モニタリング・効果測定 ■定期調査・トラッキング調査の設計・実行および分析、報告■課題に合わせたアドホック調査の手法検討、設計・実行および分析、報告■調査会社との連携、調査設計から実施、結果報告のハンドリング■調査結果の客観的分析および経営戦略や商品企画・プロモーション企画への示唆報告■リサーチ部門の主導、データに基づく意思決定の推進◆使用システム・データ分析ツール：Intage Icanvas(SRI SCI)、マクロミル社（QPR）等,ブランドマーケティング本部　リサーチ部（新設）本部長兼部長1名　★課長(募集ポジション)　メンバー1名,【必須】 ■消費財メーカーでの市場・生活者調査の実務経験（5年以上） ■リサーチチームのマネジメント経験（2年以上） 【キャリアイメージ】入社後は、新設されたリサーチ部門の課長として、調査・分析体制の構築や市場・消費者動向の把握をリードしていただきます。将来的には、部門の拡大に伴い、リサーチ戦略全体を統括するポジションや、マーケティング・商品企画など関連部門へのキャリア展開も期待しています。さらに、適性や成果に応じて、上位マネジメント層への昇進や、全社戦略に関わる役割を担っていただく可能性もあります。 その他の条件 学歴 大学 大学院,
1430,x107564815,2026年01月07日,【マーケティング企画】広告代理店出身者歓迎！急成長SaaSの事業拡大に挑戦,ボールドライト株式会社,14名,未提到,観光DXプラットフォーム「プラチナマップ」を展開する当社にて、プロダクトの認知拡大やブランディングを目的としたマーケティング戦略の企画・実行全般をお願いいたします。 ■認知拡大・ブランディング目的のキャンペーン企画・実行 ■オンライン（Web広告等）・オフライン（展示会等）の戦略立案と実行 ■MA施策による既存顧客のLTV向上企画 ■施策の効果測定、データ分析、改善提案 【仕事の魅力】自社SaaSのグロース戦略に一貫して携われます。観光DXという社会貢献性の高い領域で、裁量を持ちオンライン・オフライン問わず幅広く挑戦できる環境です。,マーケティングユニット（現在マネージャー1名、メンバー1名）,"【必須】・広告代理店または事業会社でのマーケティング実務経験2年以上・クライアントまたは自社の課題に対し、マーケティング企画を立案し、提案した経験 ・社内外の関係者を巻き込み、プロジェクトやキャンペーンを推進した経験・基本的なPCスキル（Word, Excel, PowerPoint）・円滑なコミュニケーション能力 【歓迎】・広告代理店/PR会社等で、多様なクライアントを担当した経験・BtoB領域のクライアントに対するマーケティング支援・企画提案の経験・SaaSビジネスにおけるマーケティング経験・スタートアップにおけるマーケティング経験 その他の条件 学歴 大学 大学院",
1431,v107561025,2026年01月06日,【プロジェクトマネージャー（データ分析領域）】部長を『大将』と呼ぶ社風,株式会社分析屋,314名,エージェントからの おすすめポイント 【リモートワーク率70％/年間昇給率13%/ユニー,"顧客が持つビジネスデータを活用した課題解決支援を行って頂きます。PM,PLとしてチームマネジメントや若手データアナリスト/データサイエンティストの育成をお任せします。 ■プロジェクトマネジメント データ活用課題抽出/提案・解決方針策定/経営計画に基づくアカウントプラン策定・提案/全体方針・タスク・スケジュール管理/コスト・進捗・品質管理 ■トラブル対応 ■社内体制構築、契約内容調整・交渉 ※ご経験によっては『エンジニア領域』をお任せする場合もございます。",データ利活用部 【業務変更の範囲】会社が指定した業務,"【必須要件】 ■プログラミングの実務経験（2年以上） ■クラウドを用いた基盤構築のPM経験またはPythonを用いた機械学習のPM経験 【歓迎】■データ分析実務経験　■プリセールス経験 【特徴/強み】 現在、SHIFT商流にて大手クライアントよりコンサルティング業務を含む分析案件の引き合いを多数いただいております。 そのような案件において、PM,PLとしてご自身のスキルをフルに活かしながら、分析業務はもちろん、企画・提案から基盤構築、コンサルティングまでを一貫してご担当いただくことが可能です。 その他の条件 学歴 高校 専修 短大 高専 大学 大学院",
1432,l107564374,2026年01月06日,【データサイエンティスト】案件の4割が5年以上の継続支援/月残業13H/リモート,株式会社ビットエー,196名,4割が5年以上の継続支援/月残業13H/リモート 株式会社ビットエー 業界未経験OK 年,創業14年にして大手顧客の契約継続率90%以上を誇り、9割以上が直案件である当社にて、クライアント企業の課題に対して、統計モデリングや機械学習などの高度なデータサイエンス手法を用いた支援をお任せします。 【業務詳細】具体的には、機械学習モデルの開発/実装を中心に、案件に応じてデータ分析を通じたビジネス課題の発見や、データ活用プロジェクトのディレクションなどの業務を行っていただきます。【分析例】■転職業界における求人レコメンドアルゴリズムの開発■ダイナミックプライシングによるホテル宿泊価格の最適化■クライアント課題解決のためのデータ活用施策の企画・戦略立案業務など,デジタルパートナー事業部 ■仕事内容の変更範囲：全ての業務への配置転換あり,【いずれも必須】■Pythonを用いた機械学習／統計モデリングの実務経験（2年以上）■Pandas、NumPy などを用いたデータ前処理スキル 【入社された方の意思決定ポイント】1位.人の好さや温かいカルチャー：「お客様のためになりたい」という思いを持つ社員が多く、社内もアットホームな雰囲気です。上長との1on1のMTGだけでなく、部活動や月1回の参加費無料の懇親会(役員も参加)などコミュニケーションの機会も非常に豊富です。2位.スキルアップできる環境：エンジニア主催の勉強会が毎月あり、資格取得支援や書籍購入支援など様々な補助もあります！ その他の条件 学歴 高校 専修 短大 高専 大学 大学院,
1433,i107557609,2026年01月06日,【東京】AI・データエンジニア（SES）※サポート体制充実！リモート可,レバレジーズ株式会社,"3,338名",エンジニア（SES）※サポート体制充実！リモート可 レバレジーズ株式会社 年間休日120,自社サービス「レバテック フリーランス」が保有する各種案件に携わっていただきます。（直請けかつアクティブなデータ案件を常時多数保有しております。） 保有案件はデータサイエンティストやデータアナリスト、AI・機械学習エンジニア、BIエンジニアなど幅広い職種のものがあり、近年注目を集めるDX人材としてご活躍いただきます。 【魅力】■常駐先によって案件や待遇が選べるので、自由な働き方ができます。■幅広いキャリアパスがあり、レバレジーズの自社エンジニアへの異動実績もあります。柔軟にキャリアを広げていける環境です。 ※仕事内容の変更範囲：当社業務全般,,【いずれか必須】■PythonやRを用いた機械学習モデル開発もしくはデータ分析経験1年半以上■クラウド環境でのデータ基盤構築経験1年半以上■複数PJでDX推進を推進した経験合計3年以上 ■複数PJでDX推進を推進した経験合計3年以上 【求める人物像】 ■データ領域に興味がある方 ■新しい技術やツールに敏感でキャッチアップが好きな方 ■経験は少ないが有名企業で働いてみたい方 ■現場においてリーダー業務やマネジメントを行っていきたい方 その他の条件 学歴 高専 大学 大学院,
1434,l107557741,2026年01月06日,※ポテンシャル採用【データアナリスト／データアーキテクト】インハウス体制,レバレジーズ株式会社,"3,338名",未提到,「意思決定の質と量を高めることで事業成長を実現させる」ために、必要なデータの整備からデータ活用環境の構築および活用推進を担っていただきます。 ■データアナリスト：データ分析及びそれに基づいた事業部への施策提案 └事業課題に即したデータ分析の設計 └データの抽出・可視化・分析、分析結果の報告及び施策提案等 ■データアーキテクト：データ分析環境の構築・改善 └KPI設計及びデータの定義、データ活用を促進するための社内教育 └BIツールを用いたデータの可視化及び改善等,データ戦略室,【必須】■他職種とコミュニケーションを取りながら、データをもとにして、業務における課題発見と改善施策の提案を行った経験■自ら課題設定し主体的にPDCAを回してきた経験 ■SQL、Pythonを含むプログラミング経験（目安：半年以上） ■データ領域に関する以下のいずれかの業務経験（目安：半年以上） ・BIツールを用いたデータ可視化、ダッシュボード開発 ・SQL、Pythonを用いたデータ加工、データ抽出作業 その他の条件 学歴 大学 大学院,
1435,w107535647,2026年01月06日,【オンライン説明会+後日面接,1/29(水)】データ/Microsoft×アクセンチュア,"1,600名",・福利厚生 制度・福利厚生 制度・設備 在宅勤務（一部従業員利用可） リモートワーク,高度な分析手法を活用し、価値あるインサイトを獲得するプロセスをサポートいたします。データ分析を通じて、ビジネスの成長を加速させます。 ■説明会コンテンツ　2025/1/29(水)19：00開始 1．部門責任者からの会社説明 2．座談会や交流会 3．Q&A ※参加いただいた方は後日希望制で面接を実施させていただきます。 ※コンテンツは異なる可能性もございます。,Intelligent Data Platform,【いずれか必須】 ■SQL/Pythonなど各種データ操作言語の使用経験 ■Power BIおよびPurview、または同等製品を用いたデータ利活用経験 ■データマイニング、データ分析、データモデリング、データガバナンスの実務経験 ■SQLまたはPythonを活用したデータ分析・レポーティングを目的としたデータ生成・抽出経験 ■Data Warehouse/Data Mart/Delta/Data Lakeなど各種データプラットフォーム構築経験 ■ETL/ELTなど各種データパイプラインまたはデータストリーム構築経験 その他の条件 学歴 高校 専修 短大 高専 大学 大学院,
1436,v107567331,2026年01月06日,2/7(土)【1Day選考会】休日開催/対面実施,Digitalサービスライン,"11,000名",・福利厚生 制度・福利厚生 制度・設備 在宅勤務（一部従業員利用可） 時短制度（一部,Digitalサービスラインにて、休日対面1Day選考会を開催します。 ※事前書類選考あり　※応募締め切り：1/26（月）正午〆 ※配属インダストリーによっては選考会後に追加面接の可能性あり 【対象ポジション】 ■M＆Aのライフサイクル全体のIT関連のアドバイザリー・新規事業構築支援 ■データサイエンティスト（選考会前にコーディングテストあり） ■ITコンサルタント (変更の範囲)会社の定める範囲で変更の可能性あり,Digital,【いずれか必須】■コンサルティング業務の経験■IT統合/システム導入プロジェクトの計画・実行管理(プロジェクトマネジメント)に関する経験■システム開発に関する経験■会計に関する実務経験 ■データ分析プロジェクト経験■システム開発経験 【求める人物像】■クライアントに対して定められた納期までに質の高いサービスを提供することを常に意識し、担当する案件を責任感を持って最後までやり切れる方■主体的に案件に関与し、自ら考え発信できる方 ■経験のない領域においても果敢にチャレンジし、自身のスキルアップや組織への貢献を楽しめる方 その他の条件 学歴 大学 大学院,
1437,v107520105,2026年01月06日,SNSアカウント運用リーダー／大手企業のブランド戦略・企画をリード,株式会社メディアエイド,75名,未提到,エンタープライズ企業のSNS（TikTok/YouTube/Instagram）アカウント運用において、戦略設計から実行、チームリードまでをお任せします。 【詳細】クライアントのビジネスゴール達成に向けた、再現性のあるSNSマーケティングを実践します。 ▼具体的業務 ・ブランド戦略に基づくアカウント設計 ・トレンド分析と企画・構成（撮影ディレクション含む） ・データ分析（PDCA）とクライアントへの改善提案 ・制作パートナー管理及びチームマネジメント ※単なる代行ではなく、事業課題を解決するパートナーとして伴走します。,SNSマーケティング部。PMVV（理念）への共感と熱量の高いメンバーが集まる組織です。,【必須】・SNS（TikTok/IG/YT等）の運用実務経験1年以上 ・ビジネス経験1年以上かつクライアント折衝の経験 ・データ分析に基づきPDCAを回した経験 【歓迎】・エンタープライズ企業の支援経験 ・3名以上のマネジメント経験 ・法人営業での成果実績  感覚だけでなく「なぜ伸びたか」を言語化できる方、クライアントの信頼を勝ち取れるビジネス感度の高い方をリーダーとして歓迎します。 その他の条件 学歴 高専 大学 大学院,
1438,i107561080,2026年01月06日,【藤沢本社勤務★未経験歓迎/データエンジニア】データから未来を切り開く！,株式会社分析屋,314名,・福利厚生 制度・福利厚生 制度・設備 在宅勤務（一部従業員利用可） リモートワーク,最新のデータエンジニアリング技術に触れながら、データ分析基盤の設計から運用まで一貫して携わって頂きます。顧客への提案（ビジネスの最上流）からプロジェクトを主導頂き、本質的な課題解決を行います。 ■DWH/データレイクのアーキテクチャ設計と構築 ■データパイプラインの設計・開発・運用・改善提案 ■dbt、Airflowなどを用いたデータモデリングとワークフロー構築 ■新規技術の調査、PoCの実施と導入提案 ※分析基盤の技術選定にも携わることができ、最新技術の採用判断にも関与でき、キャリアパスとしてもテックリードやマネージャーを目指せます,SAC（Strategic Analytics & Consulting）部　※上流工程・コンサルティングに特化した部門　【業務の変更範囲】会社が指定した業務,【必須】■藤沢本社に出社できる方　■論理的思考力のある方 ■SQLを用いたデータ抽出・加工の経験（実務経験不問） ■データベースの基礎知識 【ポジションの魅力】 ■経営層との距離が近く、提案したアイデアを迅速に実現できる風通しの良い社風です ■経験豊富なシニアエンジニアによる手厚いメンタリング制度があり、技術力を着実に向上できます その他の条件 学歴 高校 専修 短大 高専 大学 大学院,
1439,t107531459,2026年01月06日,【マーケティング】自社サービス/ソニーG発ベンチャー/東証グロース市場上場,ミーク株式会社,71名,・福利厚生 制度・福利厚生 制度・設備 在宅勤務（一部従業員利用可） 寮・社宅 無,"IoTサービス事業及びDXを推進する企業向けに『MEEQ』を展開する当社マーケティング業務をお任せします。戦略立案から実行まで一貫してお任せいたします。≪具体的には下記参照ください≫ ■新規リード獲得：展示会,Web広告,ウェビナー,Webサイト改善やSEO施策等、多角的なチャネル戦略の企画・実行・検証・改善■リードナーチャリング：MAツール（SalesCloudやAccount Engagement等）を活用した見込み顧客の育成施策の企画・実行・検証・改善■データ分析：GA4等の分析ツールや、MA/SFAのデータを総合的に活用し、リードの質を詳細に分析。データに基づき、効果最大化に向けた具体的な改善施策を立案・実行。",4名,【いずれも必須】 ■BtoBマーケティングの実務経験 ■Webサイト改善またはSEOの実務経験 【当社について】≪MEEQとは≫手軽にIoT、DXを実現することができるIoT事業者向けサービスです。法人のお客様が自社製品やサービスに通信を組み込むサポートを行います。≪MVNE事業≫MVNO（格安SIMを提供する事業者）に向けた支援事業を行っています。通信回線の提供からMVNOの事業にかかわる様々な業務を裏側からサポートします。≪社風≫チャレンジを歓迎する社風でご自身の企画を発信しやすい環境です。 その他の条件 学歴 高専 大学 大学院,
1440,m107566254,2026年01月06日,【東京/企画プランナー】IT・AIソリューションを軸に課題解決支援/リモート可,ネオス株式会社,186名,・AIソリューションを軸に課題解決支援/リモート可 ネオス株式会社 年間休日120日以上,"当社の企画プランナーとして営業担当やエンジニアと協同してWEBサイト制作やシステム開発などにおけるIT・AIソリューションの戦略立案を軸に顧客の課題解決に向けたプランニング業務をお任せします。 ■AI・生成AIを活用した新規システム・サービス企画,導入支援※技術的な部分はエンジニアと協働■Webアクセス解析(GA4等)でのデータ分析・改善提案■営業担当と協同したITソリューション提案,コンサルティング■各種企画書/提案書/プレゼン資料の作成■各種市場・技術・競合調査★ご経験に応じてOJTを実施予定。商談同席等でサービス知識を取得いただきます。ゆくゆくはメイン担当として顧客向けのプレゼン等もお任せします。",企画営業本部,【必須】■WEBサイト制作におけるディレクションのご経験 【歓迎】■プレゼンテーションや企画コンテスト等の実施経験 ≪当社について≫当社はWEB・システム・アプリ開発だけでなく、UIUX、知育教育、ヘルスケア、社内業務DX、フィンテック、AI、IoT、ビッグデータ活用、クラウドソリューション等、各種専門分野で様々なサービスを展開しています。業界を問わず様々なクライアントの希望だけでなく、本来の課題や専門分野でのノウハウを活かし、最適で柔軟な提案することができます。最近では、GPT活用ソリューションにも注力しております。 その他の条件 学歴 高校 専修 短大 高専 大学 大学院,
1441,v107538519,2026年01月06日,【アナリティクスコンサルタント/マネジャー】キャッシュレスDX推進企業(ICC),株式会社インフキュリオン,330名,暇・特別休暇・育児/介護休暇 等 備考 リモートワーク支援制度（モニター等の備品購入補助,既存のデータを分析し、ユーザーインサイトやビジネスインパクトの抽出、及びクライアントの課題や市場でのポジションなどを踏まえた新たなアイデアを価値として提案していただきます。【以下業務内容詳細】 ■各種調査の設計、データ分析、分析結果を元にしたレポートや提案　■データの収集～活用を一気通貫で捉えた上でのデータ戦略の策定　■新規事業の戦略策定やサービスデザイン　■地方のキャッシュレス化を推進　■コンセプト設計からシステム開発・業務設計、マーケティング　■クライアントへの決済戦略の立案や独自決済手段の導入支援　■環境分析と戦略策定の支援・当社でのデータアナリティクスチーム立上げ　など,【東京本社】◎株式会社インフキュリオン コンサルティングへ入社後すぐに出向,【必須】 ■ビジネス課題に対してデータドリブンでインサイトを導き出した経験 ■データの収集～分析～活用に関わるデータ戦略の立案経験 ■クライアントの問題解決を導くコミュニケーションスキル ■データ可視化や分析手法、統計学、分析などのソフトウェアスキル（多■次元分析、多変量解析、R、Python、SAS、SPSSなど） ■インフキュリオンのビジョンやバリューに共感していただける方 その他の条件 学歴 高校 専修 短大 高専 大学 大学院,
1442,f107557747,2026年01月05日,【データサイエンティスト】データドリブン戦略の推進/インハウス,レバレジーズ株式会社,"3,338名",未提到,当社が運営する全サービスのデータを用いて、各事業部ごとに課題を抽出し、それに応じた分析や機械学習による効率化を行います。 【具体的な業務内容】 ・因果推論を用いたマーケティング施策の効果検証 ・自社サービス向けのレコメンドアルゴリズムの開発 ・業務効率化のための機械学習モデリング ・統計モデリングによるKPI等の予測 ・自然言語処理を用いた業務効率化ツールの開発,,【必須】・PythonやRなどを使用したデータ分析の実務経験 (2年以上) ・統計学、機械学習の基礎知識 ・SQLを使用したデータの処理経験 【当ポジションの魅力】 ・インハウスの組織のため、提案をして終わりではなく、統計学を用いた意思決定、機械学習の社会実装に挑戦できます。 ・データサイエンティストとしての専門性を深めることは当然ながら、エンジニアやマーケターと共に仕事を進めることが多いため、データ分析以外の領域へ業務や知識を広げていくことも可能です。 その他の条件 学歴 大学 大学院,
1443,q107561033,2026年01月05日,【ビジネスを動かすデータサイエンティスト】データを“使える価値”に変える,株式会社分析屋,314名,給 備考 ■休日手当　■深夜勤務手当　■在宅手当 ■社外研修の費用補助制度 ■社内懇,SQL・Python等を用いたデータ分析業務に加え、顧客課題の抽出・提案・施策実行までを担う。技術力とビジネス力を両立し、成果に直結する分析を実現できるデータサイエンティストポジションをお任せします。 ■データ収集・前処理、分析設計、機械学習モデル構築 ■BIツールによる可視化、レポート作成、施策提案 ■顧客課題の抽出・整理、KPI設定、戦略立案 ■プロジェクト推進、契約調整、SLA管理 ■若手育成支援、チームマネジメント ※業界横断で多様なデータ分析に携わることが可能です,データ利活用部 【業務変更の範囲】会社が指定した業務,【いずれか2年以上必須】 ■データ分析（データ抽出、統計解析、機械学習など）の実務経験 ■SQL/Pythonを用いたデータ処理やシステム開発経験 ＋ 要件定義や設計などの上流工程業務経験 【マッチする方】 ■大手では味わえないスピード感の中で、自分の成果をダイレクトに感じたい方、安定した環境で着実にスキルを伸ばしたい方 ■指示通りの分析に「おもしろくない」と感じている方 ■顧客や事業に踏み込んだ提案型の分析に挑戦したい方 ■自身のキャリアの幅の可能性を見出したい方 その他の条件 学歴 高校 専修 短大 高専 大学 大学院,
1444,b107557691,2026年01月05日,【AIソリューションアーキテクト（AIエンジニア）】インハウス体制,レバレジーズ株式会社,"3,338名",・福利厚生 制度・福利厚生 制度・設備 リモートワーク可（全従業員利用可） 出産・育児支,AI/ML技術を積極的に活用し、当社において運営するサービスはもちろん、将来的には社会全体に革新をもたらすAIソリューションアーキテクトのポジションです。 【具体的な業務内容】 ・Generative AI技術を利用した社内業務の効率化システムの開発 ・自社サービスへのリコメンド機能の導入 ・MLOpsプラットフォームの開発 ・データサイエンティストと協力して、モデルの性能改善 ・学習、推論処理のパフォーマンスチューニング,,【いずれか必須】 ・システム開発の実務経験2年以上、かつ、機械学習に関する基礎的な知識を持っている ・データサイエンティストまたはデータアナリストとしての実務経験、かつ、趣味等でのサービス開発経験 【当ポジションの魅力】 ・業界で注目されている〈GenAIの活用〉という最先端技術に国内でもいち早く携われます ・企画から提案まで関われる環境であるため、AIに取って代わられることのないクリエイティブな業務経験が積めます ・社内に在籍するデータサイエンティストやデータエンジニア、マーケターなど多職種と連携し幅広い知見を得られます その他の条件 学歴 高専 大学 大学院,
1445,i107557483,2026年01月05日,【データアナリスト】データ戦略室/インハウス体制/事業グロース・社会課題解決,レバレジーズ株式会社,"3,338名",未提到,事業の成長を促進するために、データ分析を通じて課題を明確化し、各事業部への施策提案を行います。事業課題を解決するため、以下の業務を担っていただきます。 【具体的な業務内容】 ■事業課題に即したデータ分析の設計および実行 ■各種データの抽出・可視化・分析 ■分析結果のレポーティングおよび改善施策の提案 ■事業課題解決に向けたプロジェクトの企画・推進,マーケティング部データ戦略室配属,"【必須】■統計学および機械学習に関する基礎知識■データに基づいた課題抽出,業務改善施策の立案・実行経験■SQLやPython等を用いたデータ抽出・加工経験■データ加工,データ抽出作業の経験（SQL、Python等） 【ポジションの魅力】 ■顧客データやアクセスログなどの構造化データに加え、テキストや音声といった非構造化データも分析対象としています。 ■ご希望に応じて、データ基盤の開発や機械学習モデルの構築にも携わることができ、データサイエンティストとしての幅広いキャリア形成が可能です。 その他の条件 学歴 大学 大学院",
1447,g107527716,2026年01月05日,【データサイエンティスト/Jr】人口動態予測AI『Miraie』/在宅OK/住宅手当有,マイクロベース株式会社,17名,Jr】人口動態予測AI『Miraie』/在宅OK/住宅手当有 マイクロベース株式会社,官公庁や不動産事業者、インフラ事業者の公共サービスの経営課題解決・計画支援AIサービス「MiraiE.ai（ミラーエ）」の開発を行う当社にて、データサイエンティストとしてAIソリューションをお任せします。 ☆データから都市分析や施策評価をGIS(地理情報システム)AIを通じて行っていきます☆ 【業務内容】■GIS・データモデリング、AIエンジンの開発　■顧客への企画書・報告書作成　■エンジニアと連携したAIプロダクトの開発 【環境】■言語・フレームワーク：Python/TypeScript/C/C++　■インフラ：AWS/GCP/Azure　■その他：Github/Docker/Figma/Slack/Notion/PostgreSQL/NoSQL,■PM：1名　■フロントエンドエンジニア：2名　■バックエンドエンジニア：3名,【いずれも必須】■Pythonを用いたデータサイエンティスト経験1年以上　■プログラミングによるデータ分析経験及び顧客折衝経験　■エンジニアと連携しGitHubを使ったプロダクト開発経験 【働き方】年休127日、残業20時間（繁忙期の2～3月は40時間程度）、在宅勤務も可能です（出社制限なし）。またフレックスではございませんがご家庭の事情による休暇や時差出勤など柔軟に働くことが出来ます。 【キャリアパス】Pjt選択に関しては自由度が高く、別案件への挑戦も可能です。またマネージャーやプロフェッショナルの道以外にも、新規事業への挑戦も応援しております。 その他の条件 学歴 大学 大学院,
1448,t107527403,2026年01月05日,【データサイエンティスト】人口動態予測AI『Miraie』/在宅勤務OK/住宅手当有,マイクロベース株式会社,17名,スト】人口動態予測AI『Miraie』/在宅勤務OK/住宅手当有 マイクロベース株式,官公庁や不動産事業者、インフラ事業者の公共サービスの経営課題解決・計画支援AIサービス「MiraiE.ai（ミラーエ）」の開発を行う当社にて、データサイエンティストとしてAIソリューションをお任せします。 ☆データから都市分析や施策評価をGIS(地理情報システム)AIを通じて行っていきます☆ 【業務内容】■GIS・データモデリング、AIエンジンの開発　■顧客への企画書・報告書作成　■エンジニアと連携したAIプロダクトの開発 【環境】■言語・フレームワーク：Python/TypeScript/C/C++　■インフラ：AWS/GCP/Azure　■その他：Github/Docker/Figma/Slack/Notion/PostgreSQL/NoSQL,■PM：1名　■フロントエンドエンジニア：2名　■バックエンドエンジニア：3名,【いずれも必須】■Pythonを用いたデータサイエンティスト経験5年以上　■プログラミングによるデータ分析経験及び顧客折衝経験　■エンジニアと連携しGitHubを使ったプロダクト開発経験 【働き方】年休127日、残業20時間（繁忙期の2～3月は40時間程度）、在宅勤務も可能です（出社制限なし）。またフレックスではございませんがご家庭の事情による休暇や時差出勤など柔軟に働くことが出来ます。 【キャリアパス】Pjt選択に関しては自由度が高く、別案件への挑戦も可能です。またマネージャーやプロフェッショナルの道以外にも、新規事業への挑戦も応援しております。 その他の条件 学歴 大学 大学院,
1449,e107562470,2026年01月05日,*【データアナリスト(C&M)】1027389,楽天グループ株式会社,"28,261名",・福利厚生 制度・福利厚生 制度・設備 在宅勤務（全従業員利用可） リモートワーク可,データアナリストとして、Rakuten Fashion事業全体の成長戦略をデータに基づいて推進していただきます。具体的には、以下の業務をお任せします。 ■事業予測：Rakuten Fashion事業全体の流通金額予測の作成　■顧客戦略：顧客獲得・育成に必要なデータ抽出・分析、戦略立案、効果検証　■顧客ロイヤルティ向上に向けた現状分析、課題整理、戦略策定、実行　■トレンド分析：商品販売状況・購買トレンドの分析及び可視化を通じた成長ドライバーの特定・KPI設定　■データ環境整備：事業のデータ活用ニーズに対するデータ収集・分析環境の整備・運営、など,マーケットプレイス事業　ファッション事業部　マーケティング課,【いずれか必須】 ■データ分析のご経験をお持ちの方 ■Pythonを用いた実務経験をお持ちの方（データ分析に挑戦したい方） 【英語要件に関する補足】 TOEIC 800点以上（もしくは同程度の英語力を保有している資格の証明、英語圏の大卒以上の学位証明ができること）内定通知のタイミングまでには資格の証明が必要です。スコアをお持ちでない、もしくは証明書が無い方は、選考過程で弊社主催のTOEIC IPテストをご案内いたします。 その他の条件 語学 英語 初級 学歴 高校 専修 短大 高専 大学 大学院,
1450,l107561074,2026年01月05日,【PL/PM候補】BIツールを活用したデータ分析PJ推進/“攻め”のマネジメント,株式会社分析屋,314名,わせたキャリア形成が可能/昇給率13％/在宅勤務利用率80％/面接1回 仕事の内容,BIツール（Tableau・PowerBIなど）を活用し、クライアント企業のデータ活用推進をリードいただきます。分析環境の構築から課題整理、クライアントとの折衝、メンバーマネジメントまで、幅広い業務をお任せします。 ■顧客との折衝、要件定義、課題ヒアリング ■プロジェクト計画（スコープ、スケジュール、予算、リソース）の策定・管理 ■チームメンバーのマネジメント、タスク管理、進捗管理 ■プロジェクトにおけるリスク管理、課題管理 ■ドキュメント作成、報告書作成　■納品、導入支援 ■必要に応じたデータ分析、可視化業務への参画,BI推進部 【業務変更の範囲】会社が指定した業務,【必須】■ITプロジェクトにおけるPM／PL経験（初期から2件以上） ■BIツール（Power BI／Tableau）またはSQLの知識・経験 ■データ分析プロジェクトにおける要件定義または顧客折衝経験 【魅力】■通信・金融・エンタメ等多様な業界で上流から携われます ■経営課題に直結する意思決定支援で事業貢献を実感できます ■直取引中心で企画段階から伴走するパートナー型PJです ■プレイングマネージャーとして育成・組織運営にも関われます ■PJを育てる提案型スタイルで介入価値を発揮可能です ■研修・勉強会充実、柔軟なキャリアパス設計が可能です その他の条件 学歴 高校 専修 短大 高専 大学 大学院,
1451,t107537039,2026年01月05日,【データアナリスト】データ活用文化醸成ポジション,サイボウズ株式会社,"1,321名",の場所の変更の範囲】 会社の定める場所（リモートワークを行う場所を含む）　※本人の希望を,社内のデータ活用推進を担い、データをもとにした「対話と議論」を行う文化を醸成する役割です。サイボウズでは事実と解釈を分けて議論することを重視しており、データはその重要な要素として扱われています。 本ポジションは、社内勉強会の企画・開催、データ活用支援、社内メンバーとの信頼関係構築を通じて、データを用いた議論が浸透する環境を整えます。また、BIツールなどのデータ活用基盤の整備、意思決定に役立つ情報提供も担当します。ヒアリング・要件定義から集計・分析、結果の報告までを一気通貫で対応し、幅広いスキルが求められる職種です。定期的に勉強会を実施し、チーム内で知識共有を行っている点も特徴です。,,【必須】◆2年以上のBIツール利用・運用経験 ◆高度なSQL（ウィンドウ関数やCTEなど）を利用した集計・分析経験 ◆ディメンショナルモデリングなどのデータモデル設計経験 ◆社内勉強会の企画・講師経験 ◆社内または顧客へのヒアリング、および要件定義経験 【以下のご経験をお持ちの方は歓迎です】 ◇プロジェクトマネジメント経験 ◇統計的仮説検定や機械学習、生成AIなど、高度なデータ活用の運用経験 ◇DMBOKに基づいたデータマネジメント経験 その他の条件 学歴 高校 専修 短大 高専 大学 大学院,
1452,p107562552,2026年01月05日,★【データアナリスト】楽天24の膨大データで予測モデル構築/1024795,楽天グループ株式会社,"28,261名",・福利厚生 制度・福利厚生 制度・設備 在宅勤務（一部従業員利用可） 服装自由（全従,楽天24の膨大なデータを活用し、マーケティングの意思決定の精度とスピードを飛躍的に向上、事業成長を加速させることがミッションです。単なる分析に留まらず、事業の根幹を動かすデータ活用をリードします。 ■事業戦略に基づき、追うべき指標からアクションプランまで構造的に定義する「KPIの設計」 ■ツール検討、データマート設計、BIでのアウトプット実装まで一貫して行い、誰もがデータを活用できる「KPIモニタリング環境の構築・運用」 ■統計・機械学習を活用し、予測精度と解釈性を両立させ、未来の打ち手を導き出す「KPI予測モデルの構築・運用」,顧客管理課マーケティングG（10名） ■仕事の変更範囲：当社業務全般,【必須】■SQLを活用した実務経験 ■大規模データ（数百億レコード以上）の加工・集計スキル ■データを効率的に処理するためのデータマートを設計するスキル 【魅力・やりがい】 国内最大級のデータを武器に、成長事業「楽天24」の変革期に携われます。あなたの分析が事業の根幹を動かす大きなインパクトを生み出します。KPI設計から予測モデル運用まで全工程を経験し、ビジネスアナリストとして総合力を磨ける環境です。新たな試みを歓迎するチームで、積極的な行動が意思決定に反映されます。 その他の条件 語学 英語 初級 学歴 高校 専修 短大 高専 大学 大学院,
1453,g107555928,2026年01月05日,4277,研究開発職,"22,271名",煙（屋内喫煙可能場所あり） 勤務地備考 リモートワーク：週半分以上可能 転勤 当面無 勤,音声言語活用グループは、主に言葉(テキスト、音声)を扱う顧客の業務に生成AIを実際に適用し、業務の生産性向上や、技術導入コスト低減を実現するための要素技術をボトムアップに研究開発するグループです。 ・生成AIを顧客業務に適用する際の課題の分析・課題を解決する要素技術の研究・開発 ・生成AIの顧客業務への適用・価値実証(顧客業務での効果・価値の検証) ・研究開発成果の知財化・学会発表(国際学会を推奨) ・成長に合わせ、研究開発プロジェクトや顧客への生成AI導入プロジェクトの管理、後進の育成,データサイエンスラボラトリー　音声言語活用グループ ＜詳細＞ https://jobs.nec-careers.com/u/job.phtml?job_code=4277,【必須】■機械学習・言語処理に関する知識(代表的な確率モデル・言語モデルと仕組み、深層学習のノウハウ、代表的な評価方法等) ■自律的に研究(課題発見・文献調査・仮説構築・実装・評価)を進められること ■言語処理・AI分野でCore Ranks B以上に採択された経験(workshop除く) ※Core Ranks※　https://portal.core.edu.au/conf-ranks/ 【歓迎】◆顧客との技術実証等、自組織以外の組織に対する技術提供・技術実証の経験 ◆HuggingFace等のLLMライブラリの活用経験・スキル ◆先端の英語論文を調査・理解できること その他の条件 学歴 大学院,
1454,i107491411,2026年01月05日,E_345-2【DX・AI領域のプリセールス】顧客の業務課題をAI＆データ活用で解決,パーソルビジネスプロセスデザイン株式会社,"17,947名",場所の変更の範囲】会社の定める就業場所（リモートワークを行う場所、取引先等会社が指定する,顧客の営業、人事、バックオフィス等様々な領域における課題をDX、AI＆データサイエンスの切り口にて解決していくための営業活動を行います。 【詳細】■AI&データサイエンスを用いて、顧客ビジネスの変革、業務効率化の提案を推進■商談を通じて顧客のビジネス課題を特定、施策検討、資料作成～提案を担当■各領域の専門部隊と連携し、多くの関係者を巻き込みながら案件をリード■無形商材であるがゆえに型にはまった提案は少なく、顧客ごとに最適な提案を企画・実施■案件受注後はLTV(顧客生涯価値)最大化に向けて、顧客とのリレーション強化と継続的な提案活動を実施,ビジネストランスフォーメーション事業本部　営業統括部 営業部 DXソリューション営業G,■大手企業向けにDX営業の経験がある方 DX：クラウドサービス/SaaS/RPA/SFA/ データ分析・BIツール/AI・機械学習ソリューション/ERP など 【ポジションの魅力】 ■単なる商材営業のスタイルではなく、顧客の課題に合わせた解決策を見出していく営業スタイルのため、「自身の介在価値」や「問題解決スキルの向上」を実感することができます。 ■上記事業拡大の中で、営業組織の社員の増員を予定しています。営業組織作りへの関与や中長期的にはマネジメントラインとしてご活躍の幅を広げることも可能です。 その他の条件 学歴 高校 専修 短大 高専 大学 大学院,
1455,h107562563,2026年01月05日,☆【マーケティングプランナー】楽天経済圏の事業横断/1027351,楽天グループ株式会社,"28,261名",・福利厚生 制度・福利厚生 制度・設備 在宅勤務（全従業員利用可） リモートワーク可,本ポジションは、楽天グループの「経済圏（エコシステム）」を最大限に活用し、楽天市場の非連続な成長を牽引するユーザー軸のマーケティング戦略をリードすることがミッションです。 ■70超の楽天グループサービス連携によるクロスユース戦略の立案・実行・評価 ■ 楽天市場と楽天モバイル等の相互送客を目的としたCRM施策の仕組み化・改善 ■楽天市場の成長基盤である「SPU（スーパーポイントアッププログラム）」の改善・プロモーション ■膨大な購買データや行動データに基づく多角的な顧客分析とインサイト抽出 ■CX改善や常時プログラムなど多岐にわたるマーケティングプロセスの一気通貫での推進,楽天市場マーケティング部 エコシステムマーケティンググループ（計8名）,【いずれか必須】■マーケティングのご経験 ■SQLを用いたデータ抽出・データ分析のご経験 ■ビジネスサイドとしてのシステム開発経験 【魅力・やりがい】 楽天グループ全体のKPIや戦略を学び、経営層に近い視点を養えるため、キャリアアップに直結するポジションです。70を超えるサービス連携は、エコシステム全体を俯瞰する戦略的視点を磨き、基幹プログラム「SPU」に携わる貴重な経験が出来ます。ビッグデータ分析から企画・実行までをリードでき、アントレプレナーシップを発揮できる成長機会に溢れた環境です。 その他の条件 語学 英語 初級 学歴 大学 大学院,
1456,s107562483,2026年01月05日,★【データエンジニア（C＆M）】FMCG顧客戦略課/1028561,楽天グループ株式会社,"28,261名",未提到,データエンジニアとして、楽天24をはじめとする当事業部運営ECサイトの購買・アクセスデータ分析、分析環境構築、新技術調査・導入などをしていただきます。 ・新規データベース／データマート設計・構築。既存データベースの改善・最適化　・BIダッシュボード作成、運用保守 ・購買・アクセスデータ抽出、集計、分析のためのSQLクエリ作成 ・購買・アクセスデータ分析依頼に基づく要件定義、データ抽出、データの検証、データパターン網羅、レポート作成 ・分析／集計マニュアル、設計等のドキュメントの作成・整備,■業務内容の変更の範囲：当社業務全般,【必須】■・SQLの作成・設計の経験（2年以上）※テーブル構成を理解し、複数テーブルの結合、サブクエリ、条件設定をしてのデータ抽出ができる。■BIツールのダッシュボード作成経験（1年以上） 【魅力】日本を代表するECモール「楽天市場」の売上をけん引する楽天24は、日用品・医薬品・食品など幅広い商品を取り扱い、社会インフラとして大きな影響力を持つ事業です。自ら手がけたプロジェクトが、確かなビジネス成果として実感できます。技術的なスキルを活かしつつ、ビジネスの視点を持ってプロジェクトに取り組むことで、エンジニアとしての成長だけでなく、ビジネスパーソンとしてのスキルも磨くことができます。 その他の条件 語学 英語 初級 学歴 高校 専修 短大 高専 大学 大学院,
1457,s107466549,2026年01月05日,【データマーケティング/ミドル】東急グループ横断データ活用リーダー,東急カード株式会社,207名,・福利厚生 制度・福利厚生 制度・設備 在宅勤務（一部従業員利用可） リモートワーク,東急グループのクレジトカード会社である当社のプラットフォームチームにて、グループ横断データ活用を牽引する実務リーダーをお任せいたします。 ・分析PJ設計～実行統括 ・抽出/前処理～可視化完遂 ・示唆→施策提案/推進 ・営業/各社課題を連携解決 ・仮説検証とPDCAを浸透 ・SFMC等ツール改善/運用,データマーケティングチーム配属,【必須】 ■データ分析×マーケで成果を出した推進経験。 ・分析設計～実行の主導 ・施策に繋がる示唆抽出 ・部門間連携/調整の実績 ・提案/報告で合意形成 ・チーム育成と目標管理 ・複雑データの課題発見 その他の条件 学歴 大学 大学院,
1458,x107562442,2026年01月05日,■【マーケティング戦略企画】楽天モバイル×60事業のシナジー創出/1026888,楽天グループ株式会社,"28,261名",・福利厚生 制度・福利厚生 制度・設備 在宅勤務（一部従業員利用可） リモートワーク,楽天モバイルとのシナジーを最大化し、グループ全体の収益・ROI向上を牽引するミッションです。2024年6月新設の経営陣に近い組織で、スピード感を持って戦略を実行します。 ■SQL・BIを活用した楽天エコシステム内のユーザーデータ分析と活用 ■市場・競合分析に基づいた楽天モバイルユーザー獲得施策の企画立案 ■モバイルユーザーを各事業（楽天市場等）へクロスユースさせる企画立案 ■コマースCの60超の事業と連携した施策の策定・実行 ■経営数値可視化やマーケティングデータ整備,エコシステム活用推進室 戦略推進課（8名）,【必須】■BIツール/SQLによるデータ抽出・分析経験 ■基本的なPowerPoint、Excelスキル 【魅力・やりがい】 2024年6月新設、経営陣の期待が非常に高い戦略組織です。楽天Gの最重要ミッションである「楽天モバイルとのシナジー最大化」に、SQLやBIスキルを活かしてデータ分析・企画から関与できます。経営陣に近い環境で、少数精鋭チームの一員として自らの役割を超え、大きな裁量を持ってアイデアをプロジェクトとして推進できる、挑戦的でやりがいの大きな環境です。 その他の条件 語学 英語 初級 学歴 高校 専修 短大 高専 大学 大学院,
1459,w107562539,2026年01月05日,★【データエンジニア】未経験歓迎/SE経験活かしデータ領域へ挑戦/1028561,楽天グループ株式会社,"28,261名",・福利厚生 制度・福利厚生 制度・設備 在宅勤務（一部従業員利用可） リモートワーク,日本最大級のEC直販「楽天24」のUI/UX改善と売上最大化に向け、データ分析と環境構築を通じ事業成長を牽引するミッションです。入社後はSE経験を活かしOJTで学びます。 ■まずはSQLでの購買・アクセスデータの抽出・集計から開始 ■BIツールでのダッシュボード作成・運用（分析結果の視覚化）を習得 ■将来的にはデータベースやデータマートの設計・構築、既存DBの改善・最適化 ■データ分析に基づく課題特定、A/Bテスト等の施策提案、効果検証 ■分析/集計マニュアルや設計等のドキュメント作成 ■生成AI等新技術の調査・導入にも挑戦可,FMCG顧客戦略部データエンジニアチーム ■業務内容の変更の範囲：当社業務全般,【必須】■システムエンジニア3年以上のご経験（フロント・バックエンド・インフラなど） ■データエンジニアとしてキャリアアップを目指したい方 【魅力】 SE経験（システムやDBの基礎知識）を活かし、楽天直販「楽天24」という巨大事業でデータエンジニアへキャリアチェンジできる絶好の機会です。1stパーティモデル故に企画、物流、UI/UX改善まで事業全体を見渡し、自身の分析がビジネス成果に直結する手応えは格別。OJTでSQLやBIツールを基礎から学び、A/BテストやAI活用にも挑戦。楽天の技術基盤と事業会社のスピード感の中、市場価値の高い専門性を築けます。 その他の条件 語学 英語 初級 学歴 高校 専修 短大 高専 大学 大学院,
1460,l107562787,2026年01月05日,★【データエンジニア/データアナリスト】楽天インサイト事業/1022731,楽天グループ株式会社,"28,261名",未提到,楽天内外顧客から受託するデータ活用プロジェクトでの、データ仕様の整理、データ抽出・集計やBIツールの構築、分析レポートの作成を通じて、意思決定を支援する重要な役割を担っていただきます。 ・楽天グループ内の豊富なデータアセットを活用し、楽天内外の顧客の意思決定や新規事業開発を支援。 ・SQLを使用したデータの抽出・集計 ・BIツール活用の提案 ・BIツールの構築 ・BIツールを使用した分析レポートの作成,入社後すぐ楽天インサイト株式会社主務出向となります。 ■業務内容の変更の範囲：当社業務全般,【必須】■TableauなどのBIツールを使用したデータ集計・分析に関する実務経験（1年以上）■ビッグデータの集計・分析の要件定義を明確に行い、プロジェクトを推進できること 【魅力】楽天独自の豊富なデータアセットを活用し、価値創出のプロセスを自ら設計し実行することができます。また大手事業会社や広告代理店、コンサル企業など多様な業界の意思決定に携わることができます。 その他の条件 語学 英語 上級 学歴 高校 専修 短大 高専 大学 大学院,
1461,k107538338,2026年01月05日,【SRT(マネージャー)】データ利活用支援コンサルタント/データ分析の向上支援,ＫＰＭＧコンサルティング株式会社,"2,050名",進・リスク管理状況のモニタリング支援 ・リモートワーク/業務のデジタル化・ペーパレス化推,クライアントによるデータドリブン指向の業務遂行を支援。DMBOKや各種KPMGフレームワーク等を活用し、データベース設計やシステム開発・運用等に係る知見も駆使。プロジェクトリードやマネジメントもお任せ。 ・DX推進・リスク管理のためのガバナンス評価支援 ・DX推進・リスク管理のための戦略策定支援 ・DX推進・リスク管理のためのガバナンス構築支援 ・DX推進・リスク管理状況のモニタリング支援 ・リモートワーク/業務のデジタル化・ペーパレス化推進支援 ・デジタル/AI活用プロジェクトにおけるリスク管理支援　など,SRT部門　在宅勤務も活用した柔軟な働き方が可能 業務内容の変更の範囲：当社業務全般,【2年以上のマネジメント経験があり、いずれか必須】■コンサルティングファームでのITもしくはリスクコンサルティングの経験 ■データエンジニアとしての実務経験 【当該ポジションの魅力】 ■戦略策定～実行…IT戦略コンサルティングサービスにあるような戦略だけ策定するのではなく、その後の構築や運用も担う為、クライアントへの影響力も大きく、反響もダイレクトにいただくことが可能。 ■リスク領域…リスクを元にしたITコンサルティングはグローバル化が進むと共にニーズが増えてきており、日本では先進的ではないことから今後も大きく市場価値が上がる領域です。 その他の条件 学歴 大学 大学院,
1462,u107466451,2026年01月05日,【営業企画/ミドル】東急グループのクレジットカード会社/会員獲得牽引,東急カード株式会社,207名,・福利厚生 制度・福利厚生 制度・設備 在宅勤務（一部従業員利用可） リモートワーク,東急グループのクレジトカード会社である当社営業企画課のカード会員獲得を牽引する課長ポジションです。 ・営業課題の整理と施策推進 ・新規入会促進計画の策定 ・データ分析→施策実行 ・Web募集の最適化 ・新商品/サービス方針立案 ・キャンペーンPDCAと仕組み化,営業企画　課の規模は2名（女性2名）,【必須】 ■会員獲得/販促の実務推進経験。 ・営業/マーケの対外折衝 ・Webマーケ運用経験 ・管理者としての実行責任 ・市場/競合分析の経験 ・施策KPI設計と改善 ・広告代理店等との協業 その他の条件 学歴 大学 大学院,
1463,q107213903,2026年01月03日,【アナリスト】SNS・オンライン分析/官公庁や大手CL/社会ニーズの高い成長市場,株式会社Ｊａｐａｎ,11名,"【諸手当補足】リモート手当：5,000円を固定給として支給",SNSやオンライン上の投稿をモニタリングし、クライアントの評判に関わる情報を分析・報告する業務。偽情報へのカウンター対策の立案・支援も担当。国や官公庁や大手企業を中心に対応いただきます。 【具体的には】 XやInstagram、Facebook、TikTokなどのSNSを中心にクライアントや日本の評価を下げる可能性のある投稿を常時チェック・分析し、報告します。またクリエイティブディレクターやビジネスプロデューサーと連携し、偽情報等に対し、クライアントが正確な情報をどう発信すべきか、媒体や発信方法を提案するや必要に応じて第三者による発信支援や悪意ある投稿への削除依頼も実施します。,,【必須】■データ分析(分析ツールは問わない)、マーケティング、広告作 成のいずれかの経験がある方(新聞記者/ライターも歓迎)　■日本語以外の語学の読み書きレベル習得　※歓迎経験はフリーコメント欄に記載。 【魅力】 ■今後、益々重要となるオンライン空間でのリスクマネジメント事業の最先端企業で、市場拡大・事業拡大フェーズというダイナミックな経験ができます。 ■国や政府機関、大企業というスケールの大きいクライアントを担当し、社会的意義の高い仕事に携われます。 ■設立間もない企業で700%の成長率を達成しており、今後のさらなる成長に貢献できるやりがいがあります。 その他の条件 学歴 大学 大学院,
1464,v107562507,2026年01月05日,★【マーケティングリサーチディレクター】楽天インサイト事業/1024530,楽天グループ株式会社,"28,261名",・福利厚生 制度・福利厚生 制度・設備 在宅勤務（全従業員利用可） リモートワーク可,クライアントの課題解決に向け、楽天の膨大なデータを用いたインターネットリサーチ案件全体の進行管理を担います。メーカーや広告代理店など各業界のリーディングカンパニーの意思決定を支える重要な役割です。 ■営業からの調査依頼に基づき、案件全体の概要を把握 ■クライアントの意図を汲み取り、調査票を精査・確認 ■アンケート画面作成チームへの的確な指示出し ■完成したアンケート画面の仕様・内容チェック、クライアントへの確認・修正対応 ■楽天の豊富なモニターへのアンケート配信、回答データの回収 ■集計チームへの集計依頼、納品データの最終チェック 最短2～3営業日で完結するスピーディな進行が求められます。,入社後すぐ楽天インサイト株式会社主務出向となります。 ■業務内容の変更の範囲：当社業務全般,【必須】■ネットリサーチ会社での運用実務経験、もしくはクライアントと社内メンバーの間に入り、案件やプロジェクトの調整やハンドリングの経験が概ね3年以上（例：編集、Webディレクターなど） 【魅力・やりがい】 楽天の1億超のビッグデータとAI技術を活用した最先端のデータビジネスに携われます。自身が手掛けたリサーチ結果が企業の意思決定を支え、商品やサービスとして世に出るやりがいは格別です。業界未経験者も大歓迎。充実した研修（約半年～1年）で基礎から学べ、中核人材へと成長できます。チームリーダーやマネージャーへのキャリアパス、データ分析等へのキャリアチェンジも可能な環境です。 その他の条件 語学 英語 初級 学歴 高校 専修 短大 高専 大学 大学院,
1465,n107558300,2026年01月05日,【データ基盤エンジニア】年休123日/残業時間20H以下/リモートワーク有,ネイチャーインサイト株式会社,213名,ニア】年休123日/残業時間20H以下/リモートワーク有 ネイチャーインサイト株式会社,創業から31年、「SAS Institute Japan株式会社」のコンサルティングパートナーとして実績を積み重ねてきた当社にてデータエンジニアを募集します。お客様の要望に合わせて様々なソリューション（SASやPython、 Databricks等）を用いて課題解決をサポートします。リーダー経験をお持ちの方は、業務キャッチアップ後、速やかにチームのハブとなり、プロジェクト推進の要となっていただくことを期待しています。 【詳細】■情報系システムの開発■データ基盤の整備■BIシステムの開発■簡易的なデータ分析・業務支援◆チーム編成：2～5名のチーム構成、多くても10名程のチーム規模(1人での単独案件なし),ビジネスソリューション部 ◆使用技術：SAS、Databricks、Python、AWS、Azure、GCP,【必須】■システム開発の一連（要件定義～開発）の経験※3年以上・言語不問 【主なプロジェクト実績例】※大手企業を中心に金融機関・製薬メーカー・通信キャリア・流通チェーンなど多岐にわたります。 ◆営業活動の最適化・DX推進（製薬）：日々蓄積されるMRの活動データを解析し、行動変容と売上最大化を支援する可視化システムを開発。 ◆金融規制への堅牢な対応（銀行）：メガバンクにおけるバーゼル規制対応プロジェクトにて、複雑な計算ロジックを要する指標作成システムを構築。 その他の条件 学歴 高校 専修 短大 高専 大学 大学院,
1466,k107541635,2026年01月05日,【Credit,Risk,50名,・福利厚生 制度・福利厚生 制度・設備 在宅勤務（一部従業員利用可） リモートワーク,世界規模で燃料トレーディング事業を行う当社にて信用リスク分析をお任せします。Python等を活用した分析ツールの構築や、市場リスクの可視化、マネージャーや責任者へのレポーティングがメインミッションです。 【具体的には】 ■Python、SQL等を用いた信用リスク管理ツール、モデル、ダッシュボードの構築・運用 ■エクスポージャー計算、ストレステスト、シナリオ分析手法の開発 ■全ポートフォリオの信用リスク監視および委員会等への報告資料作成 ■フロント・ミドルオフィスと連携したリスク管理の自動化・デジタル化推進,,【必須】■ビジネスレベルの英語・日本語力■金融、経済学、数学、統計学、工学、または関連する定量分野における学士号または修士号■金融・エネルギー業界でのリスク分析経験（3年以上目安） 【歓迎】■Python、SQLでのデータ分析経験■CFA、FRM等の資格■信用リスク管理ツール、モデルの構築、保守の経験■数理・統計分野の学位 【魅力】■JERAグループの一員として英語力を活かし、海外グループ会社との連携や多国籍な環境での業務に挑戦できます。■組織体制強化の採用の為、将来的にに会社の成長を支える軸となる存在を目指せる環境です。 その他の条件 語学 英語 中級 日本語 中級 学歴 大学 大学院,
1468,x107555314,2026年01月05日,【第二新卒限定】光通信の安定基盤×グループ経営企画・事業企画に挑戦,さくら損害保険株式会社,21名,未提到,さくら損害保険をはじめとしたさくらグループの中長期的な戦略立案に携わり、経営方針を現場の実務に反映させるなど業務内容は多岐にわたります。市場調査やマーケティング、自社を取り巻く様々なデータ収集と 分析を行い、会社の決定や意向を実現するために戦略を練って実行に移していくポジションになります。 【業務内容】◆データ分析業務：例）■解約分析…解約ユーザーの属性を分析し、解約抑止やサービスのブラッシュアップを行います ■カスタマーサポート分析…ユーザーの属性を分析し、解約抑止やサービスのブラッシュアップを行います ■収益分析…複数情報を統合し、先方企業の特性や財務状況なども分析,,【いずれか必須】■法人深耕営業・企画提案■コールセンターのSVや運営管理■M&A関連業務（事業会社、FAS等いずれでも可）■事業会社での経営企画 /事業企画業務■戦略コンサルティングファームでのPJT経験 【尚可】英語語学スキル 【求める人物像】■高い柔軟性や様々な状況に対する前向きな問題解決力をお持ちの方 ■スピーディーに変化する状況に柔軟に対処する能力をお持ちの方 ■もっと経験を積みたいという向上心をお持ちの方 ■情熱を持ち負けん気強く粘り強く頑張る力をお持ちの方 その他の条件 学歴 大学,
1469,v107562312,2026年01月05日,☆【マーケティング(オープンポジション)】1016485,楽天グループ株式会社,"28,261名",未提到,コマース＆マーケティングカンパニーのマーケティング職にて、チームや社内外と連携し戦略的かつ効果的にマーケティングを推進して頂く仲間を募集します。具体的に応募ポジションを決められていない方向けに、 ご経験およびスキルに応じて具体的なポジションをご提案させていただきます。 【業務例】■中長期のマーケティング戦略の立案、実行■各種チャネル/媒体を通したユーザー獲得施策推進■KPIトラッキング、データ抽出・分析、仮説立案、PDCA■自部署/他部署、制作会社や各種ステークホルダー連携/調整■業務遂行に伴う多角的なビックデータ分析■経営陣へのレポーティング,,【必須】■3年以上のビジネス経験 ■マーケティング経験をお持ちの方 ■日本語N1相当以上 【歓迎】■オンラインマーケティング業務経験 ■事業会社・メーカーでのマーケティング戦略立案経験者 ■広告代理店でのプランナー経験者 ■プロジェクトマネジメント経験 ■データを用いて課題に対して分析し提案できる方 ■リーダーシップ、提案力、プロジェクト推進力、調整力がある方 その他の条件 語学 英語 中級 日本語 上級 学歴 高校 専修 短大 高専 大学 大学院,
